-- 1. INSERT USERS (With 'type' column for Inheritance)
INSERT INTO `user` (`id`, `fullname`, `email`, `gender`, `phone_number`, `dob`, `address`, `username`, `password`, `status`, `type`) VALUES ('1010000001', 'Kim Thị Vũ', '1010000001@center.com', 1, '0908005632', '2002-10-02', '75 John Khu, Thành phố JaneXã, 839426', '1010000001', '123', 1, 'teacher');
INSERT INTO `user` (`id`, `fullname`, `email`, `gender`, `phone_number`, `dob`, `address`, `username`, `password`, `status`, `type`) VALUES ('1030000002', 'Bà Hà Trần', '1030000002@center.com', 1, '0929342148', '2011-02-19', '65 Jane Dãy, JohnXã, 114723', '1030000002', '123', 1, 'student');
INSERT INTO `user` (`id`, `fullname`, `email`, `gender`, `phone_number`, `dob`, `address`, `username`, `password`, `status`, `type`) VALUES ('1030000003', 'Nhật Bùi', '1030000003@center.com', 0, '0913304913', '1999-12-10', '513 John Hẻm, JohnThành phố, 435601', '1030000003', '123', 1, 'student');
INSERT INTO `user` (`id`, `fullname`, `email`, `gender`, `phone_number`, `dob`, `address`, `username`, `password`, `status`, `type`) VALUES ('1020000004', 'Ông Khoa Mai', '1020000004@center.com', 0, '0925828885', '1979-10-22', '3 Dương Ngõ, JaneXã, 353867', '1020000004', '123', 1, 'cashier');
INSERT INTO `user` (`id`, `fullname`, `email`, `gender`, `phone_number`, `dob`, `address`, `username`, `password`, `status`, `type`) VALUES ('1030000005', 'Phúc Phạm', '1030000005@center.com', 0, '0995012979', '2006-04-03', '11 John Đường, Thị xã JaneXã, 951054', '1030000005', '123', 1, 'student');
INSERT INTO `user` (`id`, `fullname`, `email`, `gender`, `phone_number`, `dob`, `address`, `username`, `password`, `status`, `type`) VALUES ('1030000006', 'Chị Xuân Hoàng', '1030000006@center.com', 0, '0928631402', '2014-03-04', '51 Hoàng Ngõ, JaneQuận, 354841', '1030000006', '123', 1, 'student');
INSERT INTO `user` (`id`, `fullname`, `email`, `gender`, `phone_number`, `dob`, `address`, `username`, `password`, `status`, `type`) VALUES ('1030000007', 'Yến Vũ', '1030000007@center.com', 0, '0956351186', '2003-11-20', '560 John Làng, Thành phố JohnThành phố, 765845', '1030000007', '123', 1, 'student');
INSERT INTO `user` (`id`, `fullname`, `email`, `gender`, `phone_number`, `dob`, `address`, `username`, `password`, `status`, `type`) VALUES ('1030000008', 'Cô Hồng Trần', '1030000008@center.com', 1, '0957736837', '2012-06-29', '903 John Dãy, Thành phố JohnXã, 546293', '1030000008', '123', 1, 'student');
INSERT INTO `user` (`id`, `fullname`, `email`, `gender`, `phone_number`, `dob`, `address`, `username`, `password`, `status`, `type`) VALUES ('1030000009', 'Hạnh Trần', '1030000009@center.com', 1, '0935979162', '2007-06-01', '62 Jane Đường, Thị xã JohnHuyện, 475972', '1030000009', '123', 1, 'student');
INSERT INTO `user` (`id`, `fullname`, `email`, `gender`, `phone_number`, `dob`, `address`, `username`, `password`, `status`, `type`) VALUES ('1030000010', 'Anh Trung Nguyễn', '1030000010@center.com', 1, '0996988469', '2005-04-14', '4 Jane Hẻm, Thị xã JaneXã, 633305', '1030000010', '123', 1, 'student');
INSERT INTO `user` (`id`, `fullname`, `email`, `gender`, `phone_number`, `dob`, `address`, `username`, `password`, `status`, `type`) VALUES ('1030000011', 'Quang Bùi', '1030000011@center.com', 1, '0974828440', '2008-06-09', '15 Jane Hẻm, Thị xã JaneXã, 401861', '1030000011', '123', 1, 'student');
INSERT INTO `user` (`id`, `fullname`, `email`, `gender`, `phone_number`, `dob`, `address`, `username`, `password`, `status`, `type`) VALUES ('1030000012', 'Nhiên Trí Vũ', '1030000012@center.com', 1, '0922077934', '2013-02-07', '935 John Làng, JanePhường, 806504', '1030000012', '123', 1, 'student');
INSERT INTO `user` (`id`, `fullname`, `email`, `gender`, `phone_number`, `dob`, `address`, `username`, `password`, `status`, `type`) VALUES ('1010000013', 'An Hữu Hoàng', '1010000013@center.com', 1, '0966811020', '1984-02-18', '714 Jane Dãy, Thành phố JaneHuyện, 427216', '1010000013', '123', 1, 'teacher');
INSERT INTO `user` (`id`, `fullname`, `email`, `gender`, `phone_number`, `dob`, `address`, `username`, `password`, `status`, `type`) VALUES ('1030000014', 'Ông Huy Phạm', '1030000014@center.com', 1, '0965641895', '2018-07-26', 'Quận JohnThị xã, 03 John Ngõ, 299711', '1030000014', '123', 1, 'student');
INSERT INTO `user` (`id`, `fullname`, `email`, `gender`, `phone_number`, `dob`, `address`, `username`, `password`, `status`, `type`) VALUES ('1030000015', 'Khoa Phạm', '1030000015@center.com', 1, '0937928325', '2010-03-11', '761 Jane Dãy, Huyện JohnPhường, 646167', '1030000015', '123', 1, 'student');
INSERT INTO `user` (`id`, `fullname`, `email`, `gender`, `phone_number`, `dob`, `address`, `username`, `password`, `status`, `type`) VALUES ('1030000016', 'Tú Trí Vũ', '1030000016@center.com', 0, '0922944581', '2000-07-13', '4 Đặng Đường, JanePhường, 556592', '1030000016', '123', 1, 'student');
INSERT INTO `user` (`id`, `fullname`, `email`, `gender`, `phone_number`, `dob`, `address`, `username`, `password`, `status`, `type`) VALUES ('1030000017', 'Tùng Xuân Phạm', '1030000017@center.com', 1, '0919847244', '2012-09-05', '245 Đặng Ngõ, JohnThành phố, 382719', '1030000017', '123', 1, 'student');
INSERT INTO `user` (`id`, `fullname`, `email`, `gender`, `phone_number`, `dob`, `address`, `username`, `password`, `status`, `type`) VALUES ('1030000018', 'Chị Khoa Vũ', '1030000018@center.com', 0, '0973718113', '2012-03-07', '17 John Khu, Thành phố JaneThị xã, 976147', '1030000018', '123', 1, 'student');
INSERT INTO `user` (`id`, `fullname`, `email`, `gender`, `phone_number`, `dob`, `address`, `username`, `password`, `status`, `type`) VALUES ('1030000019', 'Khoa Bảo Trần', '1030000019@center.com', 0, '0942300683', '2003-04-14', '55 Jane Ngõ, JaneThành phố, 416568', '1030000019', '123', 1, 'student');
INSERT INTO `user` (`id`, `fullname`, `email`, `gender`, `phone_number`, `dob`, `address`, `username`, `password`, `status`, `type`) VALUES ('1030000020', 'Hoàng Xuân Hoàng', '1030000020@center.com', 0, '0964777170', '2012-09-05', '133 Jane Đường, Thị xã JaneThị xã, 612353', '1030000020', '123', 1, 'student');
INSERT INTO `user` (`id`, `fullname`, `email`, `gender`, `phone_number`, `dob`, `address`, `username`, `password`, `status`, `type`) VALUES ('1030000021', 'Quý cô Hương Đặng', '1030000021@center.com', 1, '0959519220', '2007-05-23', 'JohnThị xã, 11 Jane Làng, 224686', '1030000021', '123', 1, 'student');
INSERT INTO `user` (`id`, `fullname`, `email`, `gender`, `phone_number`, `dob`, `address`, `username`, `password`, `status`, `type`) VALUES ('1030000022', 'Quý ông Anh Phạm', '1030000022@center.com', 0, '0905343131', '2001-05-02', 'Quận JohnQuận, 58 John Dãy, 255610', '1030000022', '123', 1, 'student');
INSERT INTO `user` (`id`, `fullname`, `email`, `gender`, `phone_number`, `dob`, `address`, `username`, `password`, `status`, `type`) VALUES ('1030000023', 'Hải Bảo Mai', '1030000023@center.com', 1, '0968812933', '2016-10-03', '73 John Tổ, JaneThành phố, 650615', '1030000023', '123', 1, 'student');
INSERT INTO `user` (`id`, `fullname`, `email`, `gender`, `phone_number`, `dob`, `address`, `username`, `password`, `status`, `type`) VALUES ('1010000024', 'Bà Khoa Lê', '1010000024@center.com', 0, '0982897089', '1998-07-25', '7 John Đường, Quận JohnThành phố, 415042', '1010000024', '123', 1, 'teacher');
INSERT INTO `user` (`id`, `fullname`, `email`, `gender`, `phone_number`, `dob`, `address`, `username`, `password`, `status`, `type`) VALUES ('1030000025', 'Vi Dương', '1030000025@center.com', 0, '0989600690', '2011-02-24', '7 Mai Số, Thành phố JohnPhường, 547077', '1030000025', '123', 1, 'student');
INSERT INTO `user` (`id`, `fullname`, `email`, `gender`, `phone_number`, `dob`, `address`, `username`, `password`, `status`, `type`) VALUES ('1030000026', 'Bà Vân Hoàng', '1030000026@center.com', 0, '0973753642', '2014-02-12', '99 John Đường, Huyện JaneHuyện, 168808', '1030000026', '123', 1, 'student');
INSERT INTO `user` (`id`, `fullname`, `email`, `gender`, `phone_number`, `dob`, `address`, `username`, `password`, `status`, `type`) VALUES ('1030000027', 'Bác Khoa Bùi', '1030000027@center.com', 0, '0988354897', '2012-12-21', '234 Nguyễn Đường, JaneQuận, 615722', '1030000027', '123', 1, 'student');
INSERT INTO `user` (`id`, `fullname`, `email`, `gender`, `phone_number`, `dob`, `address`, `username`, `password`, `status`, `type`) VALUES ('1030000028', 'Hải Lê', '1030000028@center.com', 1, '0999510197', '2011-11-27', '70 Jane Hẻm, Thành phố JohnPhường, 439645', '1030000028', '123', 1, 'student');
INSERT INTO `user` (`id`, `fullname`, `email`, `gender`, `phone_number`, `dob`, `address`, `username`, `password`, `status`, `type`) VALUES ('1030000029', 'Nhật Mai', '1030000029@center.com', 0, '0966557542', '2011-09-12', '097 Trần Khu, Thị xã JanePhường, 814087', '1030000029', '123', 1, 'student');
INSERT INTO `user` (`id`, `fullname`, `email`, `gender`, `phone_number`, `dob`, `address`, `username`, `password`, `status`, `type`) VALUES ('1030000030', 'Phương Phạm', '1030000030@center.com', 0, '0999503435', '2001-03-14', '37 Trần Đường, Thị xã JaneThành phố, 645325', '1030000030', '123', 1, 'student');
INSERT INTO `user` (`id`, `fullname`, `email`, `gender`, `phone_number`, `dob`, `address`, `username`, `password`, `status`, `type`) VALUES ('1030000031', 'Chị Hương Mai', '1030000031@center.com', 1, '0959647268', '2017-09-20', '269 Trần Ngõ, JohnThành phố, 535328', '1030000031', '123', 1, 'student');
INSERT INTO `user` (`id`, `fullname`, `email`, `gender`, `phone_number`, `dob`, `address`, `username`, `password`, `status`, `type`) VALUES ('1030000032', 'Cô Nhật Bùi', '1030000032@center.com', 1, '0992953925', '2014-02-02', '4 Jane Ngõ, Huyện JohnHuyện, 464776', '1030000032', '123', 1, 'student');
INSERT INTO `user` (`id`, `fullname`, `email`, `gender`, `phone_number`, `dob`, `address`, `username`, `password`, `status`, `type`) VALUES ('1030000033', 'Cô Lâm Đặng', '1030000033@center.com', 0, '0942981906', '2002-04-20', '031 Jane Tổ, Quận JohnQuận, 576103', '1030000033', '123', 1, 'student');
INSERT INTO `user` (`id`, `fullname`, `email`, `gender`, `phone_number`, `dob`, `address`, `username`, `password`, `status`, `type`) VALUES ('1020000034', 'Nhật Đặng', '1020000034@center.com', 1, '0932528642', '1993-12-22', '355 Vũ Khu, JohnXã, 184734', '1020000034', '123', 1, 'cashier');
INSERT INTO `user` (`id`, `fullname`, `email`, `gender`, `phone_number`, `dob`, `address`, `username`, `password`, `status`, `type`) VALUES ('1030000035', 'Phương Hoàng', '1030000035@center.com', 0, '0918118027', '2010-05-16', '358 John Hẻm, JaneThị xã, 795410', '1030000035', '123', 1, 'student');
INSERT INTO `user` (`id`, `fullname`, `email`, `gender`, `phone_number`, `dob`, `address`, `username`, `password`, `status`, `type`) VALUES ('1030000036', 'Ánh Lê', '1030000036@center.com', 0, '0954591579', '2000-08-07', '648 Lê Số, JaneThành phố, 360108', '1030000036', '123', 1, 'student');
INSERT INTO `user` (`id`, `fullname`, `email`, `gender`, `phone_number`, `dob`, `address`, `username`, `password`, `status`, `type`) VALUES ('1030000037', 'Bác Minh Nguyễn', '1030000037@center.com', 1, '0936907989', '2012-09-16', '5 Phạm Tổ, JaneThành phố, 294467', '1030000037', '123', 1, 'student');
INSERT INTO `user` (`id`, `fullname`, `email`, `gender`, `phone_number`, `dob`, `address`, `username`, `password`, `status`, `type`) VALUES ('1030000038', 'Hạnh Trần', '1030000038@center.com', 0, '0928332270', '2018-11-22', '7 Lê Số, JohnQuận, 575473', '1030000038', '123', 1, 'student');
INSERT INTO `user` (`id`, `fullname`, `email`, `gender`, `phone_number`, `dob`, `address`, `username`, `password`, `status`, `type`) VALUES ('1030000039', 'Minh Trí Đặng', '1030000039@center.com', 0, '0914447221', '2015-08-20', '34 Jane Dãy, Quận JaneThành phố, 905971', '1030000039', '123', 1, 'student');
INSERT INTO `user` (`id`, `fullname`, `email`, `gender`, `phone_number`, `dob`, `address`, `username`, `password`, `status`, `type`) VALUES ('1030000040', 'Tùng Hoàng', '1030000040@center.com', 0, '0973685457', '2005-03-20', '738 Vũ Đường, Huyện JohnThành phố, 369039', '1030000040', '123', 1, 'student');
INSERT INTO `user` (`id`, `fullname`, `email`, `gender`, `phone_number`, `dob`, `address`, `username`, `password`, `status`, `type`) VALUES ('1030000041', 'Phương Hữu Dương', '1030000041@center.com', 0, '0918612417', '2003-05-17', '39 John Ngõ, JaneXã, 456400', '1030000041', '123', 1, 'student');
INSERT INTO `user` (`id`, `fullname`, `email`, `gender`, `phone_number`, `dob`, `address`, `username`, `password`, `status`, `type`) VALUES ('1030000042', 'Phương Phạm', '1030000042@center.com', 1, '0969188528', '2005-06-19', '82 John Số, JaneHuyện, 563852', '1030000042', '123', 1, 'student');
INSERT INTO `user` (`id`, `fullname`, `email`, `gender`, `phone_number`, `dob`, `address`, `username`, `password`, `status`, `type`) VALUES ('1030000043', 'Nhiên Trí Lê', '1030000043@center.com', 1, '0935391888', '2004-02-05', '97 Jane Tổ, JaneQuận, 599872', '1030000043', '123', 1, 'student');
INSERT INTO `user` (`id`, `fullname`, `email`, `gender`, `phone_number`, `dob`, `address`, `username`, `password`, `status`, `type`) VALUES ('1030000044', 'Bác Châu Nguyễn', '1030000044@center.com', 1, '0925310115', '2015-01-03', '930 Dương Số, Thành phố JohnPhường, 877995', '1030000044', '123', 1, 'student');
INSERT INTO `user` (`id`, `fullname`, `email`, `gender`, `phone_number`, `dob`, `address`, `username`, `password`, `status`, `type`) VALUES ('1030000045', 'An Phú Nguyễn', '1030000045@center.com', 0, '0908686131', '2003-11-08', '4 John Khu, Thành phố JaneThị xã, 851142', '1030000045', '123', 1, 'student');
INSERT INTO `user` (`id`, `fullname`, `email`, `gender`, `phone_number`, `dob`, `address`, `username`, `password`, `status`, `type`) VALUES ('1030000046', 'Thành Xuân Đặng', '1030000046@center.com', 0, '0906839884', '2014-04-01', '728 Lê Làng, Thị xã JaneThị xã, 548046', '1030000046', '123', 1, 'student');
INSERT INTO `user` (`id`, `fullname`, `email`, `gender`, `phone_number`, `dob`, `address`, `username`, `password`, `status`, `type`) VALUES ('1030000047', 'Quý ông Quang Phạm', '1030000047@center.com', 0, '0984093612', '2014-11-06', '03 John Tổ, Quận JohnXã, 411979', '1030000047', '123', 1, 'student');
INSERT INTO `user` (`id`, `fullname`, `email`, `gender`, `phone_number`, `dob`, `address`, `username`, `password`, `status`, `type`) VALUES ('1010000048', 'Nhật Mai', '1010000048@center.com', 1, '0960413396', '1995-06-22', '70 Hoàng Dãy, JanePhường, 598757', '1010000048', '123', 1, 'teacher');
INSERT INTO `user` (`id`, `fullname`, `email`, `gender`, `phone_number`, `dob`, `address`, `username`, `password`, `status`, `type`) VALUES ('1030000049', 'Bà Thảo Nguyễn', '1030000049@center.com', 0, '0928453605', '2001-05-23', '402 Jane Làng, JohnThị xã, 302216', '1030000049', '123', 1, 'student');
INSERT INTO `user` (`id`, `fullname`, `email`, `gender`, `phone_number`, `dob`, `address`, `username`, `password`, `status`, `type`) VALUES ('1010000050', 'Trọng Đức Hoàng', '1010000050@center.com', 1, '0975581766', '1999-12-10', '87 Vũ Đường, Quận JaneThành phố, 319772', '1010000050', '123', 1, 'teacher');
INSERT INTO `user` (`id`, `fullname`, `email`, `gender`, `phone_number`, `dob`, `address`, `username`, `password`, `status`, `type`) VALUES ('1030000051', 'Trung Hoàng Vũ', '1030000051@center.com', 1, '0923900773', '2010-02-25', '75 John Khu, Thành phố JaneThị xã, 859803', '1030000051', '123', 1, 'student');
INSERT INTO `user` (`id`, `fullname`, `email`, `gender`, `phone_number`, `dob`, `address`, `username`, `password`, `status`, `type`) VALUES ('1030000052', 'Ông Huy Dương', '1030000052@center.com', 0, '0966768527', '2015-07-28', '312 Phạm Dãy, Thị xã JaneThành phố, 289151', '1030000052', '123', 1, 'student');
INSERT INTO `user` (`id`, `fullname`, `email`, `gender`, `phone_number`, `dob`, `address`, `username`, `password`, `status`, `type`) VALUES ('1030000053', 'Quý cô Mai Lê', '1030000053@center.com', 1, '0941640331', '2009-05-24', '18 Hoàng Làng, JaneXã, 734042', '1030000053', '123', 1, 'student');
INSERT INTO `user` (`id`, `fullname`, `email`, `gender`, `phone_number`, `dob`, `address`, `username`, `password`, `status`, `type`) VALUES ('1030000054', 'Bác Anh Phạm', '1030000054@center.com', 1, '0913958027', '2000-06-18', '633 Nguyễn Số, Thành phố JanePhường, 385721', '1030000054', '123', 1, 'student');
INSERT INTO `user` (`id`, `fullname`, `email`, `gender`, `phone_number`, `dob`, `address`, `username`, `password`, `status`, `type`) VALUES ('1020000055', 'Nhật Hoàng', '1020000055@center.com', 1, '0903925079', '1982-02-11', '318 Đặng Làng, JaneHuyện, 710334', '1020000055', '123', 1, 'cashier');
INSERT INTO `user` (`id`, `fullname`, `email`, `gender`, `phone_number`, `dob`, `address`, `username`, `password`, `status`, `type`) VALUES ('1030000056', 'Chị An Mai', '1030000056@center.com', 0, '0999782289', '2017-01-29', '622 John Làng, JohnQuận, 868145', '1030000056', '123', 1, 'student');
INSERT INTO `user` (`id`, `fullname`, `email`, `gender`, `phone_number`, `dob`, `address`, `username`, `password`, `status`, `type`) VALUES ('1030000057', 'Chị Kim Đặng', '1030000057@center.com', 1, '0987604005', '2004-05-30', '0 Dương Dãy, JohnQuận, 682507', '1030000057', '123', 1, 'student');
INSERT INTO `user` (`id`, `fullname`, `email`, `gender`, `phone_number`, `dob`, `address`, `username`, `password`, `status`, `type`) VALUES ('1030000058', 'Quý cô Nhật Dương', '1030000058@center.com', 0, '0962997699', '2018-06-24', '29 Phạm Tổ, JaneThành phố, 318799', '1030000058', '123', 1, 'student');
INSERT INTO `user` (`id`, `fullname`, `email`, `gender`, `phone_number`, `dob`, `address`, `username`, `password`, `status`, `type`) VALUES ('1030000059', 'Linh Phạm', '1030000059@center.com', 1, '0991789824', '2011-07-30', '52 Nguyễn Tổ, Quận JaneThành phố, 614963', '1030000059', '123', 1, 'student');
INSERT INTO `user` (`id`, `fullname`, `email`, `gender`, `phone_number`, `dob`, `address`, `username`, `password`, `status`, `type`) VALUES ('1030000060', 'Ngọc Phạm', '1030000060@center.com', 0, '0996742835', '2001-06-06', '056 John Dãy, JohnHuyện, 427105', '1030000060', '123', 1, 'student');
INSERT INTO `user` (`id`, `fullname`, `email`, `gender`, `phone_number`, `dob`, `address`, `username`, `password`, `status`, `type`) VALUES ('1030000061', 'Bà Nhật Bùi', '1030000061@center.com', 0, '0910960698', '2012-12-02', '8 Nguyễn Ngõ, JaneQuận, 103261', '1030000061', '123', 1, 'student');
INSERT INTO `user` (`id`, `fullname`, `email`, `gender`, `phone_number`, `dob`, `address`, `username`, `password`, `status`, `type`) VALUES ('1030000062', 'Chị Hà Đặng', '1030000062@center.com', 1, '0988656923', '2007-12-24', '028 John Số, Thị xã JohnXã, 731211', '1030000062', '123', 1, 'student');
INSERT INTO `user` (`id`, `fullname`, `email`, `gender`, `phone_number`, `dob`, `address`, `username`, `password`, `status`, `type`) VALUES ('1030000063', 'Thảo Đặng', '1030000063@center.com', 0, '0925892042', '2012-09-17', '15 Lê Dãy, Huyện JohnPhường, 889554', '1030000063', '123', 1, 'student');
INSERT INTO `user` (`id`, `fullname`, `email`, `gender`, `phone_number`, `dob`, `address`, `username`, `password`, `status`, `type`) VALUES ('1030000064', 'Thành Đức Dương', '1030000064@center.com', 1, '0956444043', '2013-04-04', '7 Jane Đường, JanePhường, 225845', '1030000064', '123', 1, 'student');
INSERT INTO `user` (`id`, `fullname`, `email`, `gender`, `phone_number`, `dob`, `address`, `username`, `password`, `status`, `type`) VALUES ('1030000065', 'Thành Mai Bảo Nguyễn', '1030000065@center.com', 1, '0934097857', '2000-08-09', '94 Jane Số, JohnThành phố, 693534', '1030000065', '123', 1, 'student');
INSERT INTO `user` (`id`, `fullname`, `email`, `gender`, `phone_number`, `dob`, `address`, `username`, `password`, `status`, `type`) VALUES ('1030000066', 'Quang Phú Lê', '1030000066@center.com', 1, '0974826040', '2005-02-09', '0 Jane Tổ, JaneHuyện, 618897', '1030000066', '123', 1, 'student');
INSERT INTO `user` (`id`, `fullname`, `email`, `gender`, `phone_number`, `dob`, `address`, `username`, `password`, `status`, `type`) VALUES ('1030000067', 'Khoa Bảo Lê', '1030000067@center.com', 1, '0974897773', '1999-12-08', '25 Jane Khu, Thành phố JaneHuyện, 970469', '1030000067', '123', 1, 'student');
INSERT INTO `user` (`id`, `fullname`, `email`, `gender`, `phone_number`, `dob`, `address`, `username`, `password`, `status`, `type`) VALUES ('1030000068', 'Chị Hà Lê', '1030000068@center.com', 1, '0978671894', '2019-08-17', '44 Nguyễn Số, JaneXã, 652877', '1030000068', '123', 1, 'student');
INSERT INTO `user` (`id`, `fullname`, `email`, `gender`, `phone_number`, `dob`, `address`, `username`, `password`, `status`, `type`) VALUES ('1030000069', 'Dũng Hoàng Bùi', '1030000069@center.com', 0, '0931308372', '2004-09-21', '9 Đặng Dãy, Thị xã JohnThành phố, 479817', '1030000069', '123', 1, 'student');
INSERT INTO `user` (`id`, `fullname`, `email`, `gender`, `phone_number`, `dob`, `address`, `username`, `password`, `status`, `type`) VALUES ('1030000070', 'Chị Hải Đặng', '1030000070@center.com', 0, '0986017361', '2016-10-23', '3 Lê Số, Thị xã JohnPhường, 848490', '1030000070', '123', 1, 'student');
INSERT INTO `user` (`id`, `fullname`, `email`, `gender`, `phone_number`, `dob`, `address`, `username`, `password`, `status`, `type`) VALUES ('1030000071', 'Ông Trung Lê', '1030000071@center.com', 1, '0932565637', '2014-11-21', '6 Vũ Số, JaneThành phố, 421932', '1030000071', '123', 1, 'student');
INSERT INTO `user` (`id`, `fullname`, `email`, `gender`, `phone_number`, `dob`, `address`, `username`, `password`, `status`, `type`) VALUES ('1030000072', 'Chi Nguyễn', '1030000072@center.com', 1, '0985227316', '2008-06-04', '66 Jane Tổ, Huyện JaneThành phố, 517430', '1030000072', '123', 1, 'student');
INSERT INTO `user` (`id`, `fullname`, `email`, `gender`, `phone_number`, `dob`, `address`, `username`, `password`, `status`, `type`) VALUES ('1030000073', 'Anh Hưng Trần', '1030000073@center.com', 1, '0991288994', '2019-02-27', '131 Nguyễn Tổ, Huyện JaneQuận, 901879', '1030000073', '123', 1, 'student');
INSERT INTO `user` (`id`, `fullname`, `email`, `gender`, `phone_number`, `dob`, `address`, `username`, `password`, `status`, `type`) VALUES ('1030000074', 'Huy Lê', '1030000074@center.com', 0, '0908632569', '2004-12-01', '0 John Hẻm, JohnPhường, 963774', '1030000074', '123', 1, 'student');
INSERT INTO `user` (`id`, `fullname`, `email`, `gender`, `phone_number`, `dob`, `address`, `username`, `password`, `status`, `type`) VALUES ('1030000075', 'Ánh Mai', '1030000075@center.com', 1, '0900608131', '2013-01-28', '1 John Khu, Huyện JanePhường, 843097', '1030000075', '123', 1, 'student');
INSERT INTO `user` (`id`, `fullname`, `email`, `gender`, `phone_number`, `dob`, `address`, `username`, `password`, `status`, `type`) VALUES ('1030000076', 'Anh Mai', '1030000076@center.com', 0, '0992966200', '2015-06-07', 'Thị xã JohnThành phố, 8 Jane Ngõ, 302256', '1030000076', '123', 1, 'student');
INSERT INTO `user` (`id`, `fullname`, `email`, `gender`, `phone_number`, `dob`, `address`, `username`, `password`, `status`, `type`) VALUES ('1030000077', 'Anh Bảo Mai', '1030000077@center.com', 1, '0923292302', '2005-04-28', '80 Jane Đường, Thành phố JaneXã, 469434', '1030000077', '123', 1, 'student');
INSERT INTO `user` (`id`, `fullname`, `email`, `gender`, `phone_number`, `dob`, `address`, `username`, `password`, `status`, `type`) VALUES ('1030000078', 'Bác Thành Mai', '1030000078@center.com', 1, '0994572183', '2012-03-21', 'Quận JaneThành phố, 2 Jane Làng, 146283', '1030000078', '123', 1, 'student');
INSERT INTO `user` (`id`, `fullname`, `email`, `gender`, `phone_number`, `dob`, `address`, `username`, `password`, `status`, `type`) VALUES ('1010000079', 'Hải Thị Vũ', '1010000079@center.com', 0, '0997001303', '1997-01-04', '2 Trần Số, Thị xã JaneXã, 750258', '1010000079', '123', 1, 'teacher');
INSERT INTO `user` (`id`, `fullname`, `email`, `gender`, `phone_number`, `dob`, `address`, `username`, `password`, `status`, `type`) VALUES ('1030000080', 'Khoa Hoàng', '1030000080@center.com', 0, '0941874621', '2015-05-03', '43 Trần Tổ, Thành phố JohnHuyện, 122373', '1030000080', '123', 1, 'student');
INSERT INTO `user` (`id`, `fullname`, `email`, `gender`, `phone_number`, `dob`, `address`, `username`, `password`, `status`, `type`) VALUES ('1030000081', 'Quý cô Khoa Nguyễn', '1030000081@center.com', 1, '0948757780', '2010-11-19', '10 Vũ Đường, Thành phố JaneHuyện, 203269', '1030000081', '123', 1, 'student');
INSERT INTO `user` (`id`, `fullname`, `email`, `gender`, `phone_number`, `dob`, `address`, `username`, `password`, `status`, `type`) VALUES ('1030000082', 'Ông Hoàng Mai', '1030000082@center.com', 0, '0952732530', '2009-09-01', '52 John Hẻm, Quận JaneThành phố, 606374', '1030000082', '123', 1, 'student');
INSERT INTO `user` (`id`, `fullname`, `email`, `gender`, `phone_number`, `dob`, `address`, `username`, `password`, `status`, `type`) VALUES ('1010000083', 'An Hải Phạm', '1010000083@center.com', 1, '0918793194', '1991-07-13', '532 Dương Tổ, Thị xã JohnQuận, 712002', '1010000083', '123', 1, 'teacher');
INSERT INTO `user` (`id`, `fullname`, `email`, `gender`, `phone_number`, `dob`, `address`, `username`, `password`, `status`, `type`) VALUES ('1030000084', 'Dương Bùi', '1030000084@center.com', 0, '0956432323', '2005-10-02', 'Thành phố JaneXã, 019 John Số, 925966', '1030000084', '123', 1, 'student');
INSERT INTO `user` (`id`, `fullname`, `email`, `gender`, `phone_number`, `dob`, `address`, `username`, `password`, `status`, `type`) VALUES ('1030000085', 'Hồng Bùi', '1030000085@center.com', 0, '0921468791', '2019-03-25', '3 Jane Làng, JohnQuận, 527565', '1030000085', '123', 1, 'student');
INSERT INTO `user` (`id`, `fullname`, `email`, `gender`, `phone_number`, `dob`, `address`, `username`, `password`, `status`, `type`) VALUES ('1030000086', 'Tú Bảo Bùi', '1030000086@center.com', 0, '0935055720', '2008-04-04', '37 Hoàng Ngõ, JaneXã, 489857', '1030000086', '123', 1, 'student');
INSERT INTO `user` (`id`, `fullname`, `email`, `gender`, `phone_number`, `dob`, `address`, `username`, `password`, `status`, `type`) VALUES ('1010000087', 'Duyên Hoàng', '1010000087@center.com', 0, '0998843692', '1996-06-05', '09 Bùi Ngõ, Quận JaneThành phố, 905038', '1010000087', '123', 1, 'teacher');
INSERT INTO `user` (`id`, `fullname`, `email`, `gender`, `phone_number`, `dob`, `address`, `username`, `password`, `status`, `type`) VALUES ('1030000088', 'Nhật Hữu Bùi', '1030000088@center.com', 0, '0962255832', '2003-06-20', '257 Lê Khu, Huyện JaneQuận, 759139', '1030000088', '123', 1, 'student');
INSERT INTO `user` (`id`, `fullname`, `email`, `gender`, `phone_number`, `dob`, `address`, `username`, `password`, `status`, `type`) VALUES ('1030000089', 'Châu Thị Phạm', '1030000089@center.com', 0, '0907329671', '2008-08-31', '60 Mai Số, Thị xã JaneThị xã, 863233', '1030000089', '123', 1, 'student');
INSERT INTO `user` (`id`, `fullname`, `email`, `gender`, `phone_number`, `dob`, `address`, `username`, `password`, `status`, `type`) VALUES ('1030000090', 'Bà Lan Lê', '1030000090@center.com', 1, '0908275167', '2003-08-27', '696 Trần Ngõ, JohnQuận, 260398', '1030000090', '123', 1, 'student');
INSERT INTO `user` (`id`, `fullname`, `email`, `gender`, `phone_number`, `dob`, `address`, `username`, `password`, `status`, `type`) VALUES ('1030000091', 'Chị Mai Nguyễn', '1030000091@center.com', 1, '0976254694', '2017-10-10', '94 Trần Số, JohnHuyện, 758480', '1030000091', '123', 1, 'student');
INSERT INTO `user` (`id`, `fullname`, `email`, `gender`, `phone_number`, `dob`, `address`, `username`, `password`, `status`, `type`) VALUES ('1030000092', 'Tùng Trí Bùi', '1030000092@center.com', 0, '0993867511', '2018-10-20', '67 Bùi Số, Quận JohnThành phố, 711835', '1030000092', '123', 1, 'student');
INSERT INTO `user` (`id`, `fullname`, `email`, `gender`, `phone_number`, `dob`, `address`, `username`, `password`, `status`, `type`) VALUES ('1030000093', 'Nhật Phạm', '1030000093@center.com', 0, '0968875200', '2017-05-15', '10 John Tổ, JaneThành phố, 808810', '1030000093', '123', 1, 'student');
INSERT INTO `user` (`id`, `fullname`, `email`, `gender`, `phone_number`, `dob`, `address`, `username`, `password`, `status`, `type`) VALUES ('1000000094', 'Bác Nhiên Vũ', '1000000094@center.com', 0, '0999006118', '1992-07-31', '881 John Hẻm, JohnThị xã, 842529', '1000000094', '123', 1, 'admin');
INSERT INTO `user` (`id`, `fullname`, `email`, `gender`, `phone_number`, `dob`, `address`, `username`, `password`, `status`, `type`) VALUES ('1010000095', 'Hạnh Văn Hoàng', '1010000095@center.com', 0, '0958109309', '1974-06-21', '90 Trần Số, JohnXã, 577652', '1010000095', '123', 1, 'teacher');
INSERT INTO `user` (`id`, `fullname`, `email`, `gender`, `phone_number`, `dob`, `address`, `username`, `password`, `status`, `type`) VALUES ('1030000096', 'Chi Hoàng', '1030000096@center.com', 1, '0975905341', '2003-05-14', '6 Vũ Hẻm, Huyện JohnHuyện, 993574', '1030000096', '123', 1, 'student');
INSERT INTO `user` (`id`, `fullname`, `email`, `gender`, `phone_number`, `dob`, `address`, `username`, `password`, `status`, `type`) VALUES ('1020000097', 'Quý cô Hà Trần', '1020000097@center.com', 0, '0985272306', '1986-03-03', '1 Dương Làng, Huyện JohnHuyện, 951300', '1020000097', '123', 1, 'cashier');
INSERT INTO `user` (`id`, `fullname`, `email`, `gender`, `phone_number`, `dob`, `address`, `username`, `password`, `status`, `type`) VALUES ('1030000098', 'Bảo Nguyễn', '1030000098@center.com', 0, '0903031193', '2004-07-22', '068 Trần Dãy, JaneThành phố, 819049', '1030000098', '123', 1, 'student');
INSERT INTO `user` (`id`, `fullname`, `email`, `gender`, `phone_number`, `dob`, `address`, `username`, `password`, `status`, `type`) VALUES ('1030000099', 'Mai Phạm', '1030000099@center.com', 1, '0924069915', '2016-11-01', '30 Đặng Tổ, Thành phố JaneXã, 542806', '1030000099', '123', 1, 'student');
INSERT INTO `user` (`id`, `fullname`, `email`, `gender`, `phone_number`, `dob`, `address`, `username`, `password`, `status`, `type`) VALUES ('1030000100', 'Bà Hồng Lê', '1030000100@center.com', 0, '0982484824', '2007-10-13', '7 Vũ Số, Thành phố JaneHuyện, 624553', '1030000100', '123', 1, 'student');
INSERT INTO `user` (`id`, `fullname`, `email`, `gender`, `phone_number`, `dob`, `address`, `username`, `password`, `status`, `type`) VALUES ('1030000101', 'Anh Quang Đặng', '1030000101@center.com', 1, '0929887321', '2014-08-06', '4 Jane Khu, Thị xã JohnHuyện, 355361', '1030000101', '123', 1, 'student');
INSERT INTO `user` (`id`, `fullname`, `email`, `gender`, `phone_number`, `dob`, `address`, `username`, `password`, `status`, `type`) VALUES ('1030000102', 'Bà Nhật Phạm', '1030000102@center.com', 1, '0905976832', '2003-08-23', '87 Jane Khu, JohnHuyện, 643076', '1030000102', '123', 1, 'student');
INSERT INTO `user` (`id`, `fullname`, `email`, `gender`, `phone_number`, `dob`, `address`, `username`, `password`, `status`, `type`) VALUES ('1020000103', 'Hương Dương', '1020000103@center.com', 1, '0953999533', '1980-09-10', '09 Jane Ngõ, JohnPhường, 442686', '1020000103', '123', 1, 'cashier');
INSERT INTO `user` (`id`, `fullname`, `email`, `gender`, `phone_number`, `dob`, `address`, `username`, `password`, `status`, `type`) VALUES ('1010000104', 'Cô Bảo Đặng', '1010000104@center.com', 1, '0972984307', '1970-11-12', '680 John Làng, Thị xã JohnThành phố, 645490', '1010000104', '123', 1, 'teacher');
INSERT INTO `user` (`id`, `fullname`, `email`, `gender`, `phone_number`, `dob`, `address`, `username`, `password`, `status`, `type`) VALUES ('1020000105', 'Hà Xuân Phạm', '1020000105@center.com', 1, '0951698937', '1977-08-16', '06 Jane Đường, JohnXã, 463927', '1020000105', '123', 1, 'cashier');
INSERT INTO `user` (`id`, `fullname`, `email`, `gender`, `phone_number`, `dob`, `address`, `username`, `password`, `status`, `type`) VALUES ('1030000106', 'Dũng Mai Lê', '1030000106@center.com', 1, '0919035919', '2017-06-29', '1 Nguyễn Hẻm, Thị xã JohnXã, 792088', '1030000106', '123', 1, 'student');
INSERT INTO `user` (`id`, `fullname`, `email`, `gender`, `phone_number`, `dob`, `address`, `username`, `password`, `status`, `type`) VALUES ('1020000107', 'Trung Bảo Mai', '1020000107@center.com', 0, '0990514866', '1986-12-05', '7 Jane Dãy, Thị xã JaneQuận, 536435', '1020000107', '123', 1, 'cashier');
INSERT INTO `user` (`id`, `fullname`, `email`, `gender`, `phone_number`, `dob`, `address`, `username`, `password`, `status`, `type`) VALUES ('1030000108', 'Thành Trần', '1030000108@center.com', 0, '0941391037', '2019-02-15', '35 Bùi Đường, JohnXã, 524526', '1030000108', '123', 1, 'student');
INSERT INTO `user` (`id`, `fullname`, `email`, `gender`, `phone_number`, `dob`, `address`, `username`, `password`, `status`, `type`) VALUES ('1030000109', 'Anh Huy Phạm', '1030000109@center.com', 0, '0986138584', '2008-07-07', '745 Hoàng Hẻm, Quận JaneXã, 761550', '1030000109', '123', 1, 'student');
INSERT INTO `user` (`id`, `fullname`, `email`, `gender`, `phone_number`, `dob`, `address`, `username`, `password`, `status`, `type`) VALUES ('1020000110', 'An Lê', '1020000110@center.com', 0, '0929972513', '1981-07-26', '63 Dương Làng, Thị xã JohnHuyện, 896750', '1020000110', '123', 1, 'cashier');
INSERT INTO `user` (`id`, `fullname`, `email`, `gender`, `phone_number`, `dob`, `address`, `username`, `password`, `status`, `type`) VALUES ('1010000111', 'Bà Lan Mai', '1010000111@center.com', 1, '0903681470', '2001-04-23', '979 Jane Đường, Thị xã JaneXã, 866614', '1010000111', '123', 1, 'teacher');
INSERT INTO `user` (`id`, `fullname`, `email`, `gender`, `phone_number`, `dob`, `address`, `username`, `password`, `status`, `type`) VALUES ('1030000112', 'Cô Ngọc Nguyễn', '1030000112@center.com', 1, '0979944962', '2004-06-19', '1 Vũ Tổ, JohnQuận, 490739', '1030000112', '123', 1, 'student');
INSERT INTO `user` (`id`, `fullname`, `email`, `gender`, `phone_number`, `dob`, `address`, `username`, `password`, `status`, `type`) VALUES ('1030000113', 'Bảo Hữu Dương', '1030000113@center.com', 0, '0990645439', '2010-09-15', '231 Jane Dãy, Huyện JohnThành phố, 525866', '1030000113', '123', 1, 'student');
INSERT INTO `user` (`id`, `fullname`, `email`, `gender`, `phone_number`, `dob`, `address`, `username`, `password`, `status`, `type`) VALUES ('1030000114', 'Cô Ánh Bùi', '1030000114@center.com', 1, '0963690767', '2019-10-28', '3 John Dãy, JaneXã, 663297', '1030000114', '123', 1, 'student');
INSERT INTO `user` (`id`, `fullname`, `email`, `gender`, `phone_number`, `dob`, `address`, `username`, `password`, `status`, `type`) VALUES ('1030000115', 'Hà Hoàng', '1030000115@center.com', 1, '0906702858', '2016-08-31', '95 Trần Đường, Thành phố JaneQuận, 588376', '1030000115', '123', 1, 'student');
INSERT INTO `user` (`id`, `fullname`, `email`, `gender`, `phone_number`, `dob`, `address`, `username`, `password`, `status`, `type`) VALUES ('1030000116', 'Tú Hoàng', '1030000116@center.com', 0, '0945151205', '2015-02-12', '68 Phạm Khu, Thành phố JohnHuyện, 757399', '1030000116', '123', 1, 'student');
INSERT INTO `user` (`id`, `fullname`, `email`, `gender`, `phone_number`, `dob`, `address`, `username`, `password`, `status`, `type`) VALUES ('1030000117', 'Ông Minh Dương', '1030000117@center.com', 1, '0932078168', '2014-09-10', '692 John Ngõ, JohnThành phố, 759890', '1030000117', '123', 1, 'student');
INSERT INTO `user` (`id`, `fullname`, `email`, `gender`, `phone_number`, `dob`, `address`, `username`, `password`, `status`, `type`) VALUES ('1030000118', 'Anh Bùi', '1030000118@center.com', 1, '0915888526', '2003-10-30', '3 Jane Đường, Thị xã JohnPhường, 370383', '1030000118', '123', 1, 'student');
INSERT INTO `user` (`id`, `fullname`, `email`, `gender`, `phone_number`, `dob`, `address`, `username`, `password`, `status`, `type`) VALUES ('1030000119', 'Hoàng Phú Trần', '1030000119@center.com', 0, '0961065578', '2018-12-30', '91 John Dãy, Quận JaneThành phố, 684884', '1030000119', '123', 1, 'student');
INSERT INTO `user` (`id`, `fullname`, `email`, `gender`, `phone_number`, `dob`, `address`, `username`, `password`, `status`, `type`) VALUES ('1030000120', 'Chị Yến Phạm', '1030000120@center.com', 1, '0950031100', '2013-06-24', '24 Mai Làng, Thị xã JaneQuận, 390267', '1030000120', '123', 1, 'student');
INSERT INTO `user` (`id`, `fullname`, `email`, `gender`, `phone_number`, `dob`, `address`, `username`, `password`, `status`, `type`) VALUES ('1030000121', 'Hương Đặng', '1030000121@center.com', 0, '0913809248', '2010-05-24', '190 Trần Hẻm, JohnXã, 681616', '1030000121', '123', 1, 'student');
INSERT INTO `user` (`id`, `fullname`, `email`, `gender`, `phone_number`, `dob`, `address`, `username`, `password`, `status`, `type`) VALUES ('1030000122', 'Bảo Quang Bùi', '1030000122@center.com', 1, '0968393409', '2017-01-02', '197 Lê Khu, Thị xã JaneThành phố, 124017', '1030000122', '123', 1, 'student');
INSERT INTO `user` (`id`, `fullname`, `email`, `gender`, `phone_number`, `dob`, `address`, `username`, `password`, `status`, `type`) VALUES ('1030000123', 'Dương Vũ', '1030000123@center.com', 1, '0903936974', '2002-06-29', '84 John Hẻm, JohnThị xã, 538929', '1030000123', '123', 1, 'student');
INSERT INTO `user` (`id`, `fullname`, `email`, `gender`, `phone_number`, `dob`, `address`, `username`, `password`, `status`, `type`) VALUES ('1020000124', 'Nhiên Phạm', '1020000124@center.com', 0, '0999970026', '1978-07-11', '16 Lê Đường, Thị xã JaneThành phố, 350074', '1020000124', '123', 1, 'cashier');
INSERT INTO `user` (`id`, `fullname`, `email`, `gender`, `phone_number`, `dob`, `address`, `username`, `password`, `status`, `type`) VALUES ('1030000125', 'Hạnh Trần', '1030000125@center.com', 0, '0994730583', '2006-02-11', '586 John Dãy, JaneThị xã, 552465', '1030000125', '123', 1, 'student');
INSERT INTO `user` (`id`, `fullname`, `email`, `gender`, `phone_number`, `dob`, `address`, `username`, `password`, `status`, `type`) VALUES ('1030000126', 'Ông Phúc Mai', '1030000126@center.com', 0, '0913029256', '2012-01-22', '422 Mai Đường, Quận JanePhường, 264462', '1030000126', '123', 1, 'student');
INSERT INTO `user` (`id`, `fullname`, `email`, `gender`, `phone_number`, `dob`, `address`, `username`, `password`, `status`, `type`) VALUES ('1010000127', 'Chị Xuân Hoàng', '1010000127@center.com', 0, '0999085451', '1993-01-29', '4 Jane Làng, Thị xã JohnThị xã, 630085', '1010000127', '123', 1, 'teacher');
INSERT INTO `user` (`id`, `fullname`, `email`, `gender`, `phone_number`, `dob`, `address`, `username`, `password`, `status`, `type`) VALUES ('1030000128', 'Lâm Hữu Mai', '1030000128@center.com', 0, '0947759621', '2017-10-20', '801 John Số, JaneThị xã, 462066', '1030000128', '123', 1, 'student');
INSERT INTO `user` (`id`, `fullname`, `email`, `gender`, `phone_number`, `dob`, `address`, `username`, `password`, `status`, `type`) VALUES ('1030000129', 'Hạnh Quang Lê', '1030000129@center.com', 1, '0943712886', '2019-11-03', '081 Phạm Dãy, Huyện JohnXã, 254912', '1030000129', '123', 1, 'student');
INSERT INTO `user` (`id`, `fullname`, `email`, `gender`, `phone_number`, `dob`, `address`, `username`, `password`, `status`, `type`) VALUES ('1030000130', 'Quang Phú Vũ', '1030000130@center.com', 0, '0959365992', '2016-12-21', '073 Đặng Dãy, JaneQuận, 598536', '1030000130', '123', 1, 'student');
INSERT INTO `user` (`id`, `fullname`, `email`, `gender`, `phone_number`, `dob`, `address`, `username`, `password`, `status`, `type`) VALUES ('1010000131', 'Dũng Đặng', '1010000131@center.com', 0, '0904304564', '1998-12-06', '96 Hoàng Làng, Thị xã JohnHuyện, 639357', '1010000131', '123', 1, 'teacher');
INSERT INTO `user` (`id`, `fullname`, `email`, `gender`, `phone_number`, `dob`, `address`, `username`, `password`, `status`, `type`) VALUES ('1030000132', 'Chị Khoa Mai', '1030000132@center.com', 1, '0929624645', '2017-12-29', '46 Dương Đường, Huyện JanePhường, 172112', '1030000132', '123', 1, 'student');
INSERT INTO `user` (`id`, `fullname`, `email`, `gender`, `phone_number`, `dob`, `address`, `username`, `password`, `status`, `type`) VALUES ('1030000133', 'Mai Hoàng', '1030000133@center.com', 0, '0909774982', '2003-05-31', '292 Hoàng Khu, Thành phố JohnXã, 275613', '1030000133', '123', 1, 'student');
INSERT INTO `user` (`id`, `fullname`, `email`, `gender`, `phone_number`, `dob`, `address`, `username`, `password`, `status`, `type`) VALUES ('1030000134', 'Quang Bùi', '1030000134@center.com', 0, '0966535925', '2016-11-27', '961 John Đường, JanePhường, 318748', '1030000134', '123', 1, 'student');
INSERT INTO `user` (`id`, `fullname`, `email`, `gender`, `phone_number`, `dob`, `address`, `username`, `password`, `status`, `type`) VALUES ('1030000135', 'Lâm Tấn Lê', '1030000135@center.com', 0, '0985676370', '2005-12-26', '9 Hoàng Làng, Thành phố JaneXã, 132873', '1030000135', '123', 1, 'student');
INSERT INTO `user` (`id`, `fullname`, `email`, `gender`, `phone_number`, `dob`, `address`, `username`, `password`, `status`, `type`) VALUES ('1030000136', 'Cô Kim Vũ', '1030000136@center.com', 1, '0904114395', '2011-03-10', '0 Lê Tổ, JaneThị xã, 738551', '1030000136', '123', 1, 'student');
INSERT INTO `user` (`id`, `fullname`, `email`, `gender`, `phone_number`, `dob`, `address`, `username`, `password`, `status`, `type`) VALUES ('1010000137', 'Anh Quang Dương', '1010000137@center.com', 0, '0953320306', '1997-04-06', '4 Hoàng Dãy, JohnXã, 539518', '1010000137', '123', 1, 'teacher');
INSERT INTO `user` (`id`, `fullname`, `email`, `gender`, `phone_number`, `dob`, `address`, `username`, `password`, `status`, `type`) VALUES ('1010000138', 'Cô Khoa Trần', '1010000138@center.com', 0, '0992967440', '1998-06-10', '16 Vũ Ngõ, JohnThành phố, 142884', '1010000138', '123', 1, 'teacher');
INSERT INTO `user` (`id`, `fullname`, `email`, `gender`, `phone_number`, `dob`, `address`, `username`, `password`, `status`, `type`) VALUES ('1030000139', 'Vi Lê', '1030000139@center.com', 1, '0919617511', '2004-01-30', '521 Hoàng Làng, Quận JaneThành phố, 149459', '1030000139', '123', 1, 'student');
INSERT INTO `user` (`id`, `fullname`, `email`, `gender`, `phone_number`, `dob`, `address`, `username`, `password`, `status`, `type`) VALUES ('1020000140', 'Bảo Thế Bùi', '1020000140@center.com', 1, '0953527531', '1983-09-03', '7 John Làng, Thành phố JaneHuyện, 380883', '1020000140', '123', 1, 'cashier');
INSERT INTO `user` (`id`, `fullname`, `email`, `gender`, `phone_number`, `dob`, `address`, `username`, `password`, `status`, `type`) VALUES ('1030000141', 'Trung Bùi', '1030000141@center.com', 0, '0957467353', '2000-03-16', '1 Jane Hẻm, Quận JohnHuyện, 106736', '1030000141', '123', 1, 'student');
INSERT INTO `user` (`id`, `fullname`, `email`, `gender`, `phone_number`, `dob`, `address`, `username`, `password`, `status`, `type`) VALUES ('1030000142', 'Hoàng Tấn Hoàng', '1030000142@center.com', 1, '0905437491', '2002-01-11', '75 Dương Ngõ, Huyện JaneThị xã, 914267', '1030000142', '123', 1, 'student');
INSERT INTO `user` (`id`, `fullname`, `email`, `gender`, `phone_number`, `dob`, `address`, `username`, `password`, `status`, `type`) VALUES ('1030000143', 'Phương Mai Bảo Mai', '1030000143@center.com', 0, '0958386242', '2014-05-23', '685 John Hẻm, Thành phố JanePhường, 692661', '1030000143', '123', 1, 'student');
INSERT INTO `user` (`id`, `fullname`, `email`, `gender`, `phone_number`, `dob`, `address`, `username`, `password`, `status`, `type`) VALUES ('1030000144', 'Hải Trần', '1030000144@center.com', 0, '0915268941', '2017-09-28', '76 Hoàng Dãy, JohnXã, 139419', '1030000144', '123', 1, 'student');
INSERT INTO `user` (`id`, `fullname`, `email`, `gender`, `phone_number`, `dob`, `address`, `username`, `password`, `status`, `type`) VALUES ('1030000145', 'Thành Tấn Mai', '1030000145@center.com', 0, '0963936485', '2000-02-19', '15 Hoàng Làng, Thành phố JohnXã, 476120', '1030000145', '123', 1, 'student');
INSERT INTO `user` (`id`, `fullname`, `email`, `gender`, `phone_number`, `dob`, `address`, `username`, `password`, `status`, `type`) VALUES ('1030000146', 'Linh Lê', '1030000146@center.com', 1, '0929924149', '2011-07-02', '03 Đặng Hẻm, Thị xã JohnThị xã, 829120', '1030000146', '123', 1, 'student');

-- 3. INSERT COURSES
INSERT INTO `course` (`id`, `name`, `fee`, `age`, `level`, `duration_hour`, `course_description`) VALUES ('C001', 'IELTS Intensive - Level 1', 5000000, 'KIDS', 'BEGINNER', '72', 'Khóa học chất lượng cao');
INSERT INTO `course` (`id`, `name`, `fee`, `age`, `level`, `duration_hour`, `course_description`) VALUES ('C002', 'English for IT - Level 2', 5000000, 'KIDS', 'ADVANCED', '48', 'Khóa học chất lượng cao');
INSERT INTO `course` (`id`, `name`, `fee`, `age`, `level`, `duration_hour`, `course_description`) VALUES ('C003', 'TOEIC Basic - Level 3', 2500000, 'ADULT', 'BEGINNER', '36', 'Khóa học chất lượng cao');
INSERT INTO `course` (`id`, `name`, `fee`, `age`, `level`, `duration_hour`, `course_description`) VALUES ('C004', 'Business English - Level 4', 3000000, 'KIDS', 'ADVANCED', '36', 'Khóa học chất lượng cao');
INSERT INTO `course` (`id`, `name`, `fee`, `age`, `level`, `duration_hour`, `course_description`) VALUES ('C005', 'IELTS Foundation - Level 5', 1000000, 'ADULT', 'INTERMEDIATE', '36', 'Khóa học chất lượng cao');
INSERT INTO `course` (`id`, `name`, `fee`, `age`, `level`, `duration_hour`, `course_description`) VALUES ('C006', 'Tiếng Anh Giao Tiếp - Level 6', 3000000, 'TEEN', 'BEGINNER', '48', 'Khóa học chất lượng cao');
INSERT INTO `course` (`id`, `name`, `fee`, `age`, `level`, `duration_hour`, `course_description`) VALUES ('C007', 'IELTS Foundation - Level 7', 2500000, 'ADULT', 'BEGINNER', '24', 'Khóa học chất lượng cao');
INSERT INTO `course` (`id`, `name`, `fee`, `age`, `level`, `duration_hour`, `course_description`) VALUES ('C008', 'TOEIC Basic - Level 8', 5000000, 'KIDS', 'INTERMEDIATE', '72', 'Khóa học chất lượng cao');
INSERT INTO `course` (`id`, `name`, `fee`, `age`, `level`, `duration_hour`, `course_description`) VALUES ('C009', 'IELTS Intensive - Level 9', 2500000, 'KIDS', 'INTERMEDIATE', '36', 'Khóa học chất lượng cao');
INSERT INTO `course` (`id`, `name`, `fee`, `age`, `level`, `duration_hour`, `course_description`) VALUES ('C010', 'Tiếng Anh Trẻ Em - Level 10', 5000000, 'KIDS', 'INTERMEDIATE', '36', 'Khóa học chất lượng cao');
INSERT INTO `course` (`id`, `name`, `fee`, `age`, `level`, `duration_hour`, `course_description`) VALUES ('C011', 'IELTS Foundation - Level 11', 3000000, 'TEEN', 'BEGINNER', '24', 'Khóa học chất lượng cao');
INSERT INTO `course` (`id`, `name`, `fee`, `age`, `level`, `duration_hour`, `course_description`) VALUES ('C012', 'IELTS Intensive - Level 12', 2500000, 'TEEN', 'ADVANCED', '24', 'Khóa học chất lượng cao');
INSERT INTO `course` (`id`, `name`, `fee`, `age`, `level`, `duration_hour`, `course_description`) VALUES ('C013', 'English for IT - Level 13', 3000000, 'ADULT', 'BEGINNER', '24', 'Khóa học chất lượng cao');
INSERT INTO `course` (`id`, `name`, `fee`, `age`, `level`, `duration_hour`, `course_description`) VALUES ('C014', 'IELTS Intensive - Level 14', 3000000, 'TEEN', 'ADVANCED', '48', 'Khóa học chất lượng cao');
INSERT INTO `course` (`id`, `name`, `fee`, `age`, `level`, `duration_hour`, `course_description`) VALUES ('C015', 'English for IT - Level 15', 2500000, 'ADULT', 'BEGINNER', '48', 'Khóa học chất lượng cao');
INSERT INTO `course` (`id`, `name`, `fee`, `age`, `level`, `duration_hour`, `course_description`) VALUES ('C016', 'IELTS Foundation - Level 16', 5000000, 'TEEN', 'INTERMEDIATE', '36', 'Khóa học chất lượng cao');
INSERT INTO `course` (`id`, `name`, `fee`, `age`, `level`, `duration_hour`, `course_description`) VALUES ('C017', 'IELTS Intensive - Level 17', 1000000, 'ADULT', 'BEGINNER', '24', 'Khóa học chất lượng cao');
INSERT INTO `course` (`id`, `name`, `fee`, `age`, `level`, `duration_hour`, `course_description`) VALUES ('C018', 'English for IT - Level 18', 2500000, 'KIDS', 'ADVANCED', '36', 'Khóa học chất lượng cao');
INSERT INTO `course` (`id`, `name`, `fee`, `age`, `level`, `duration_hour`, `course_description`) VALUES ('C019', 'Tiếng Anh Trẻ Em - Level 19', 1000000, 'KIDS', 'BEGINNER', '72', 'Khóa học chất lượng cao');
INSERT INTO `course` (`id`, `name`, `fee`, `age`, `level`, `duration_hour`, `course_description`) VALUES ('C020', 'TOEIC Basic - Level 20', 1000000, 'TEEN', 'ADVANCED', '36', 'Khóa học chất lượng cao');

-- 4. INSERT GRADE COMPONENTS
INSERT INTO `grade_component` (`name`, `weight`, `course_id`) VALUES ('Mid-term', 0.4, 'C001');
INSERT INTO `grade_component` (`name`, `weight`, `course_id`) VALUES ('Final-term', 0.6, 'C001');
INSERT INTO `grade_component` (`name`, `weight`, `course_id`) VALUES ('Mid-term', 0.4, 'C002');
INSERT INTO `grade_component` (`name`, `weight`, `course_id`) VALUES ('Final-term', 0.6, 'C002');
INSERT INTO `grade_component` (`name`, `weight`, `course_id`) VALUES ('Mid-term', 0.4, 'C003');
INSERT INTO `grade_component` (`name`, `weight`, `course_id`) VALUES ('Final-term', 0.6, 'C003');
INSERT INTO `grade_component` (`name`, `weight`, `course_id`) VALUES ('Mid-term', 0.4, 'C004');
INSERT INTO `grade_component` (`name`, `weight`, `course_id`) VALUES ('Final-term', 0.6, 'C004');
INSERT INTO `grade_component` (`name`, `weight`, `course_id`) VALUES ('Mid-term', 0.4, 'C005');
INSERT INTO `grade_component` (`name`, `weight`, `course_id`) VALUES ('Final-term', 0.6, 'C005');
INSERT INTO `grade_component` (`name`, `weight`, `course_id`) VALUES ('Mid-term', 0.4, 'C006');
INSERT INTO `grade_component` (`name`, `weight`, `course_id`) VALUES ('Final-term', 0.6, 'C006');
INSERT INTO `grade_component` (`name`, `weight`, `course_id`) VALUES ('Mid-term', 0.4, 'C007');
INSERT INTO `grade_component` (`name`, `weight`, `course_id`) VALUES ('Final-term', 0.6, 'C007');
INSERT INTO `grade_component` (`name`, `weight`, `course_id`) VALUES ('Mid-term', 0.4, 'C008');
INSERT INTO `grade_component` (`name`, `weight`, `course_id`) VALUES ('Final-term', 0.6, 'C008');
INSERT INTO `grade_component` (`name`, `weight`, `course_id`) VALUES ('Mid-term', 0.4, 'C009');
INSERT INTO `grade_component` (`name`, `weight`, `course_id`) VALUES ('Final-term', 0.6, 'C009');
INSERT INTO `grade_component` (`name`, `weight`, `course_id`) VALUES ('Mid-term', 0.4, 'C010');
INSERT INTO `grade_component` (`name`, `weight`, `course_id`) VALUES ('Final-term', 0.6, 'C010');
INSERT INTO `grade_component` (`name`, `weight`, `course_id`) VALUES ('Mid-term', 0.4, 'C011');
INSERT INTO `grade_component` (`name`, `weight`, `course_id`) VALUES ('Final-term', 0.6, 'C011');
INSERT INTO `grade_component` (`name`, `weight`, `course_id`) VALUES ('Mid-term', 0.4, 'C012');
INSERT INTO `grade_component` (`name`, `weight`, `course_id`) VALUES ('Final-term', 0.6, 'C012');
INSERT INTO `grade_component` (`name`, `weight`, `course_id`) VALUES ('Mid-term', 0.4, 'C013');
INSERT INTO `grade_component` (`name`, `weight`, `course_id`) VALUES ('Final-term', 0.6, 'C013');
INSERT INTO `grade_component` (`name`, `weight`, `course_id`) VALUES ('Mid-term', 0.4, 'C014');
INSERT INTO `grade_component` (`name`, `weight`, `course_id`) VALUES ('Final-term', 0.6, 'C014');
INSERT INTO `grade_component` (`name`, `weight`, `course_id`) VALUES ('Mid-term', 0.4, 'C015');
INSERT INTO `grade_component` (`name`, `weight`, `course_id`) VALUES ('Final-term', 0.6, 'C015');
INSERT INTO `grade_component` (`name`, `weight`, `course_id`) VALUES ('Mid-term', 0.4, 'C016');
INSERT INTO `grade_component` (`name`, `weight`, `course_id`) VALUES ('Final-term', 0.6, 'C016');
INSERT INTO `grade_component` (`name`, `weight`, `course_id`) VALUES ('Mid-term', 0.4, 'C017');
INSERT INTO `grade_component` (`name`, `weight`, `course_id`) VALUES ('Final-term', 0.6, 'C017');
INSERT INTO `grade_component` (`name`, `weight`, `course_id`) VALUES ('Mid-term', 0.4, 'C018');
INSERT INTO `grade_component` (`name`, `weight`, `course_id`) VALUES ('Final-term', 0.6, 'C018');
INSERT INTO `grade_component` (`name`, `weight`, `course_id`) VALUES ('Mid-term', 0.4, 'C019');
INSERT INTO `grade_component` (`name`, `weight`, `course_id`) VALUES ('Final-term', 0.6, 'C019');
INSERT INTO `grade_component` (`name`, `weight`, `course_id`) VALUES ('Mid-term', 0.4, 'C020');
INSERT INTO `grade_component` (`name`, `weight`, `course_id`) VALUES ('Final-term', 0.6, 'C020');

-- 5. INSERT CLASSROOMS
INSERT INTO `classroom` (`id`, `name`, `start_date`, `end_date`, `max_student`, `teacher_id`, `course_id`) VALUES ('CL001', 'Lớp C019-1', '2025-03-16', '2025-06-14', 11, '1010000127', 'C019');
INSERT INTO `classroom` (`id`, `name`, `start_date`, `end_date`, `max_student`, `teacher_id`, `course_id`) VALUES ('CL002', 'Lớp C004-2', '2025-08-18', '2025-11-16', 12, '1010000001', 'C004');
INSERT INTO `classroom` (`id`, `name`, `start_date`, `end_date`, `max_student`, `teacher_id`, `course_id`) VALUES ('CL003', 'Lớp C012-3', '2025-11-01', '2026-01-30', 17, '1010000024', 'C012');
INSERT INTO `classroom` (`id`, `name`, `start_date`, `end_date`, `max_student`, `teacher_id`, `course_id`) VALUES ('CL004', 'Lớp C008-4', '2025-07-08', '2025-10-06', 26, '1010000087', 'C008');
INSERT INTO `classroom` (`id`, `name`, `start_date`, `end_date`, `max_student`, `teacher_id`, `course_id`) VALUES ('CL005', 'Lớp C003-5', '2025-05-31', '2025-08-29', 29, '1010000048', 'C003');
INSERT INTO `classroom` (`id`, `name`, `start_date`, `end_date`, `max_student`, `teacher_id`, `course_id`) VALUES ('CL006', 'Lớp C005-6', '2025-02-15', '2025-05-16', 30, '1010000104', 'C005');
INSERT INTO `classroom` (`id`, `name`, `start_date`, `end_date`, `max_student`, `teacher_id`, `course_id`) VALUES ('CL007', 'Lớp C020-7', '2025-11-14', '2026-02-12', 30, '1010000024', 'C020');
INSERT INTO `classroom` (`id`, `name`, `start_date`, `end_date`, `max_student`, `teacher_id`, `course_id`) VALUES ('CL008', 'Lớp C015-8', '2024-12-05', '2025-03-05', 10, '1010000138', 'C015');
INSERT INTO `classroom` (`id`, `name`, `start_date`, `end_date`, `max_student`, `teacher_id`, `course_id`) VALUES ('CL009', 'Lớp C002-9', '2025-08-26', '2025-11-24', 24, '1010000104', 'C002');
INSERT INTO `classroom` (`id`, `name`, `start_date`, `end_date`, `max_student`, `teacher_id`, `course_id`) VALUES ('CL010', 'Lớp C005-10', '2025-05-20', '2025-08-18', 23, '1010000137', 'C005');
INSERT INTO `classroom` (`id`, `name`, `start_date`, `end_date`, `max_student`, `teacher_id`, `course_id`) VALUES ('CL011', 'Lớp C008-11', '2025-07-24', '2025-10-22', 27, '1010000050', 'C008');
INSERT INTO `classroom` (`id`, `name`, `start_date`, `end_date`, `max_student`, `teacher_id`, `course_id`) VALUES ('CL012', 'Lớp C005-12', '2025-07-15', '2025-10-13', 23, '1010000083', 'C005');
INSERT INTO `classroom` (`id`, `name`, `start_date`, `end_date`, `max_student`, `teacher_id`, `course_id`) VALUES ('CL013', 'Lớp C010-13', '2025-10-11', '2026-01-09', 25, '1010000127', 'C010');
INSERT INTO `classroom` (`id`, `name`, `start_date`, `end_date`, `max_student`, `teacher_id`, `course_id`) VALUES ('CL014', 'Lớp C001-14', '2025-08-12', '2025-11-10', 13, '1010000104', 'C001');
INSERT INTO `classroom` (`id`, `name`, `start_date`, `end_date`, `max_student`, `teacher_id`, `course_id`) VALUES ('CL015', 'Lớp C001-15', '2025-01-31', '2025-05-01', 24, '1010000087', 'C001');
INSERT INTO `classroom` (`id`, `name`, `start_date`, `end_date`, `max_student`, `teacher_id`, `course_id`) VALUES ('CL016', 'Lớp C014-16', '2025-07-20', '2025-10-18', 24, '1010000137', 'C014');
INSERT INTO `classroom` (`id`, `name`, `start_date`, `end_date`, `max_student`, `teacher_id`, `course_id`) VALUES ('CL017', 'Lớp C011-17', '2025-05-15', '2025-08-13', 15, '1010000111', 'C011');
INSERT INTO `classroom` (`id`, `name`, `start_date`, `end_date`, `max_student`, `teacher_id`, `course_id`) VALUES ('CL018', 'Lớp C012-18', '2025-03-27', '2025-06-25', 12, '1010000095', 'C012');
INSERT INTO `classroom` (`id`, `name`, `start_date`, `end_date`, `max_student`, `teacher_id`, `course_id`) VALUES ('CL019', 'Lớp C002-19', '2025-07-07', '2025-10-05', 25, '1010000111', 'C002');
INSERT INTO `classroom` (`id`, `name`, `start_date`, `end_date`, `max_student`, `teacher_id`, `course_id`) VALUES ('CL020', 'Lớp C008-20', '2025-04-01', '2025-06-30', 23, '1010000048', 'C008');
INSERT INTO `classroom` (`id`, `name`, `start_date`, `end_date`, `max_student`, `teacher_id`, `course_id`) VALUES ('CL021', 'Lớp C004-21', '2025-05-10', '2025-08-08', 29, '1010000050', 'C004');
INSERT INTO `classroom` (`id`, `name`, `start_date`, `end_date`, `max_student`, `teacher_id`, `course_id`) VALUES ('CL022', 'Lớp C014-22', '2025-07-03', '2025-10-01', 21, '1010000138', 'C014');
INSERT INTO `classroom` (`id`, `name`, `start_date`, `end_date`, `max_student`, `teacher_id`, `course_id`) VALUES ('CL023', 'Lớp C005-23', '2025-09-19', '2025-12-18', 24, '1010000013', 'C005');
INSERT INTO `classroom` (`id`, `name`, `start_date`, `end_date`, `max_student`, `teacher_id`, `course_id`) VALUES ('CL024', 'Lớp C006-24', '2025-10-27', '2026-01-25', 14, '1010000095', 'C006');
INSERT INTO `classroom` (`id`, `name`, `start_date`, `end_date`, `max_student`, `teacher_id`, `course_id`) VALUES ('CL025', 'Lớp C009-25', '2025-10-26', '2026-01-24', 22, '1010000127', 'C009');
INSERT INTO `classroom` (`id`, `name`, `start_date`, `end_date`, `max_student`, `teacher_id`, `course_id`) VALUES ('CL026', 'Lớp C017-26', '2025-07-27', '2025-10-25', 15, '1010000079', 'C017');
INSERT INTO `classroom` (`id`, `name`, `start_date`, `end_date`, `max_student`, `teacher_id`, `course_id`) VALUES ('CL027', 'Lớp C014-27', '2025-01-19', '2025-04-19', 28, '1010000111', 'C014');
INSERT INTO `classroom` (`id`, `name`, `start_date`, `end_date`, `max_student`, `teacher_id`, `course_id`) VALUES ('CL028', 'Lớp C020-28', '2025-06-11', '2025-09-09', 11, '1010000137', 'C020');
INSERT INTO `classroom` (`id`, `name`, `start_date`, `end_date`, `max_student`, `teacher_id`, `course_id`) VALUES ('CL029', 'Lớp C003-29', '2025-05-10', '2025-08-08', 11, '1010000083', 'C003');
INSERT INTO `classroom` (`id`, `name`, `start_date`, `end_date`, `max_student`, `teacher_id`, `course_id`) VALUES ('CL030', 'Lớp C017-30', '2025-04-26', '2025-07-25', 23, '1010000087', 'C017');
INSERT INTO `classroom` (`id`, `name`, `start_date`, `end_date`, `max_student`, `teacher_id`, `course_id`) VALUES ('CL031', 'Lớp C014-31', '2025-02-25', '2025-05-26', 18, '1010000104', 'C014');
INSERT INTO `classroom` (`id`, `name`, `start_date`, `end_date`, `max_student`, `teacher_id`, `course_id`) VALUES ('CL032', 'Lớp C002-32', '2025-04-17', '2025-07-16', 28, '1010000001', 'C002');
INSERT INTO `classroom` (`id`, `name`, `start_date`, `end_date`, `max_student`, `teacher_id`, `course_id`) VALUES ('CL033', 'Lớp C019-33', '2025-04-21', '2025-07-20', 29, '1010000087', 'C019');
INSERT INTO `classroom` (`id`, `name`, `start_date`, `end_date`, `max_student`, `teacher_id`, `course_id`) VALUES ('CL034', 'Lớp C004-34', '2025-03-19', '2025-06-17', 26, '1010000087', 'C004');
INSERT INTO `classroom` (`id`, `name`, `start_date`, `end_date`, `max_student`, `teacher_id`, `course_id`) VALUES ('CL035', 'Lớp C002-35', '2025-02-26', '2025-05-27', 13, '1010000013', 'C002');
INSERT INTO `classroom` (`id`, `name`, `start_date`, `end_date`, `max_student`, `teacher_id`, `course_id`) VALUES ('CL036', 'Lớp C013-36', '2025-02-15', '2025-05-16', 11, '1010000048', 'C013');
INSERT INTO `classroom` (`id`, `name`, `start_date`, `end_date`, `max_student`, `teacher_id`, `course_id`) VALUES ('CL037', 'Lớp C020-37', '2025-03-04', '2025-06-02', 30, '1010000131', 'C020');
INSERT INTO `classroom` (`id`, `name`, `start_date`, `end_date`, `max_student`, `teacher_id`, `course_id`) VALUES ('CL038', 'Lớp C012-38', '2025-02-26', '2025-05-27', 16, '1010000083', 'C012');
INSERT INTO `classroom` (`id`, `name`, `start_date`, `end_date`, `max_student`, `teacher_id`, `course_id`) VALUES ('CL039', 'Lớp C006-39', '2025-06-21', '2025-09-19', 11, '1010000095', 'C006');
INSERT INTO `classroom` (`id`, `name`, `start_date`, `end_date`, `max_student`, `teacher_id`, `course_id`) VALUES ('CL040', 'Lớp C006-40', '2025-07-11', '2025-10-09', 23, '1010000131', 'C006');
INSERT INTO `classroom` (`id`, `name`, `start_date`, `end_date`, `max_student`, `teacher_id`, `course_id`) VALUES ('CL041', 'Lớp C019-41', '2025-10-27', '2026-01-25', 30, '1010000001', 'C019');
INSERT INTO `classroom` (`id`, `name`, `start_date`, `end_date`, `max_student`, `teacher_id`, `course_id`) VALUES ('CL042', 'Lớp C015-42', '2025-11-20', '2026-02-18', 12, '1010000087', 'C015');
INSERT INTO `classroom` (`id`, `name`, `start_date`, `end_date`, `max_student`, `teacher_id`, `course_id`) VALUES ('CL043', 'Lớp C019-43', '2025-11-03', '2026-02-01', 19, '1010000127', 'C019');
INSERT INTO `classroom` (`id`, `name`, `start_date`, `end_date`, `max_student`, `teacher_id`, `course_id`) VALUES ('CL044', 'Lớp C001-44', '2025-04-18', '2025-07-17', 15, '1010000048', 'C001');
INSERT INTO `classroom` (`id`, `name`, `start_date`, `end_date`, `max_student`, `teacher_id`, `course_id`) VALUES ('CL045', 'Lớp C010-45', '2025-11-25', '2026-02-23', 19, '1010000083', 'C010');
INSERT INTO `classroom` (`id`, `name`, `start_date`, `end_date`, `max_student`, `teacher_id`, `course_id`) VALUES ('CL046', 'Lớp C012-46', '2025-05-20', '2025-08-18', 12, '1010000087', 'C012');
INSERT INTO `classroom` (`id`, `name`, `start_date`, `end_date`, `max_student`, `teacher_id`, `course_id`) VALUES ('CL047', 'Lớp C014-47', '2025-02-25', '2025-05-26', 24, '1010000138', 'C014');
INSERT INTO `classroom` (`id`, `name`, `start_date`, `end_date`, `max_student`, `teacher_id`, `course_id`) VALUES ('CL048', 'Lớp C009-48', '2025-07-15', '2025-10-13', 10, '1010000131', 'C009');
INSERT INTO `classroom` (`id`, `name`, `start_date`, `end_date`, `max_student`, `teacher_id`, `course_id`) VALUES ('CL049', 'Lớp C020-49', '2025-04-05', '2025-07-04', 26, '1010000111', 'C020');
INSERT INTO `classroom` (`id`, `name`, `start_date`, `end_date`, `max_student`, `teacher_id`, `course_id`) VALUES ('CL050', 'Lớp C003-50', '2025-07-25', '2025-10-23', 21, '1010000024', 'C003');

-- 6. INSERT SCHEDULE DETAILS
INSERT INTO `schedule_detail` (`day`, `start_time`, `end_time`, `class_id`) VALUES ('WEDNESDAY', '18:00:00', '19:30:00', 'CL001');
INSERT INTO `schedule_detail` (`day`, `start_time`, `end_time`, `class_id`) VALUES ('THURSDAY', '18:00:00', '19:30:00', 'CL001');
INSERT INTO `schedule_detail` (`day`, `start_time`, `end_time`, `class_id`) VALUES ('WEDNESDAY', '18:00:00', '19:30:00', 'CL002');
INSERT INTO `schedule_detail` (`day`, `start_time`, `end_time`, `class_id`) VALUES ('FRIDAY', '18:00:00', '19:30:00', 'CL002');
INSERT INTO `schedule_detail` (`day`, `start_time`, `end_time`, `class_id`) VALUES ('THURSDAY', '18:00:00', '19:30:00', 'CL003');
INSERT INTO `schedule_detail` (`day`, `start_time`, `end_time`, `class_id`) VALUES ('MONDAY', '18:00:00', '19:30:00', 'CL003');
INSERT INTO `schedule_detail` (`day`, `start_time`, `end_time`, `class_id`) VALUES ('MONDAY', '18:00:00', '19:30:00', 'CL004');
INSERT INTO `schedule_detail` (`day`, `start_time`, `end_time`, `class_id`) VALUES ('SUNDAY', '18:00:00', '19:30:00', 'CL004');
INSERT INTO `schedule_detail` (`day`, `start_time`, `end_time`, `class_id`) VALUES ('FRIDAY', '18:00:00', '19:30:00', 'CL005');
INSERT INTO `schedule_detail` (`day`, `start_time`, `end_time`, `class_id`) VALUES ('WEDNESDAY', '18:00:00', '19:30:00', 'CL005');
INSERT INTO `schedule_detail` (`day`, `start_time`, `end_time`, `class_id`) VALUES ('SUNDAY', '18:00:00', '19:30:00', 'CL006');
INSERT INTO `schedule_detail` (`day`, `start_time`, `end_time`, `class_id`) VALUES ('FRIDAY', '18:00:00', '19:30:00', 'CL006');
INSERT INTO `schedule_detail` (`day`, `start_time`, `end_time`, `class_id`) VALUES ('SATURDAY', '18:00:00', '19:30:00', 'CL007');
INSERT INTO `schedule_detail` (`day`, `start_time`, `end_time`, `class_id`) VALUES ('SUNDAY', '18:00:00', '19:30:00', 'CL007');
INSERT INTO `schedule_detail` (`day`, `start_time`, `end_time`, `class_id`) VALUES ('TUESDAY', '18:00:00', '19:30:00', 'CL008');
INSERT INTO `schedule_detail` (`day`, `start_time`, `end_time`, `class_id`) VALUES ('WEDNESDAY', '18:00:00', '19:30:00', 'CL008');
INSERT INTO `schedule_detail` (`day`, `start_time`, `end_time`, `class_id`) VALUES ('FRIDAY', '18:00:00', '19:30:00', 'CL009');
INSERT INTO `schedule_detail` (`day`, `start_time`, `end_time`, `class_id`) VALUES ('SUNDAY', '18:00:00', '19:30:00', 'CL009');
INSERT INTO `schedule_detail` (`day`, `start_time`, `end_time`, `class_id`) VALUES ('FRIDAY', '18:00:00', '19:30:00', 'CL010');
INSERT INTO `schedule_detail` (`day`, `start_time`, `end_time`, `class_id`) VALUES ('TUESDAY', '18:00:00', '19:30:00', 'CL010');
INSERT INTO `schedule_detail` (`day`, `start_time`, `end_time`, `class_id`) VALUES ('SUNDAY', '18:00:00', '19:30:00', 'CL011');
INSERT INTO `schedule_detail` (`day`, `start_time`, `end_time`, `class_id`) VALUES ('TUESDAY', '18:00:00', '19:30:00', 'CL011');
INSERT INTO `schedule_detail` (`day`, `start_time`, `end_time`, `class_id`) VALUES ('TUESDAY', '18:00:00', '19:30:00', 'CL012');
INSERT INTO `schedule_detail` (`day`, `start_time`, `end_time`, `class_id`) VALUES ('THURSDAY', '18:00:00', '19:30:00', 'CL012');
INSERT INTO `schedule_detail` (`day`, `start_time`, `end_time`, `class_id`) VALUES ('MONDAY', '18:00:00', '19:30:00', 'CL013');
INSERT INTO `schedule_detail` (`day`, `start_time`, `end_time`, `class_id`) VALUES ('SATURDAY', '18:00:00', '19:30:00', 'CL013');
INSERT INTO `schedule_detail` (`day`, `start_time`, `end_time`, `class_id`) VALUES ('FRIDAY', '18:00:00', '19:30:00', 'CL014');
INSERT INTO `schedule_detail` (`day`, `start_time`, `end_time`, `class_id`) VALUES ('SATURDAY', '18:00:00', '19:30:00', 'CL014');
INSERT INTO `schedule_detail` (`day`, `start_time`, `end_time`, `class_id`) VALUES ('SATURDAY', '18:00:00', '19:30:00', 'CL015');
INSERT INTO `schedule_detail` (`day`, `start_time`, `end_time`, `class_id`) VALUES ('MONDAY', '18:00:00', '19:30:00', 'CL015');
INSERT INTO `schedule_detail` (`day`, `start_time`, `end_time`, `class_id`) VALUES ('WEDNESDAY', '18:00:00', '19:30:00', 'CL016');
INSERT INTO `schedule_detail` (`day`, `start_time`, `end_time`, `class_id`) VALUES ('FRIDAY', '18:00:00', '19:30:00', 'CL016');
INSERT INTO `schedule_detail` (`day`, `start_time`, `end_time`, `class_id`) VALUES ('THURSDAY', '18:00:00', '19:30:00', 'CL017');
INSERT INTO `schedule_detail` (`day`, `start_time`, `end_time`, `class_id`) VALUES ('SATURDAY', '18:00:00', '19:30:00', 'CL017');
INSERT INTO `schedule_detail` (`day`, `start_time`, `end_time`, `class_id`) VALUES ('MONDAY', '18:00:00', '19:30:00', 'CL018');
INSERT INTO `schedule_detail` (`day`, `start_time`, `end_time`, `class_id`) VALUES ('THURSDAY', '18:00:00', '19:30:00', 'CL018');
INSERT INTO `schedule_detail` (`day`, `start_time`, `end_time`, `class_id`) VALUES ('THURSDAY', '18:00:00', '19:30:00', 'CL019');
INSERT INTO `schedule_detail` (`day`, `start_time`, `end_time`, `class_id`) VALUES ('SUNDAY', '18:00:00', '19:30:00', 'CL019');
INSERT INTO `schedule_detail` (`day`, `start_time`, `end_time`, `class_id`) VALUES ('SATURDAY', '18:00:00', '19:30:00', 'CL020');
INSERT INTO `schedule_detail` (`day`, `start_time`, `end_time`, `class_id`) VALUES ('SUNDAY', '18:00:00', '19:30:00', 'CL020');
INSERT INTO `schedule_detail` (`day`, `start_time`, `end_time`, `class_id`) VALUES ('MONDAY', '18:00:00', '19:30:00', 'CL021');
INSERT INTO `schedule_detail` (`day`, `start_time`, `end_time`, `class_id`) VALUES ('SATURDAY', '18:00:00', '19:30:00', 'CL021');
INSERT INTO `schedule_detail` (`day`, `start_time`, `end_time`, `class_id`) VALUES ('SATURDAY', '18:00:00', '19:30:00', 'CL022');
INSERT INTO `schedule_detail` (`day`, `start_time`, `end_time`, `class_id`) VALUES ('SUNDAY', '18:00:00', '19:30:00', 'CL022');
INSERT INTO `schedule_detail` (`day`, `start_time`, `end_time`, `class_id`) VALUES ('MONDAY', '18:00:00', '19:30:00', 'CL023');
INSERT INTO `schedule_detail` (`day`, `start_time`, `end_time`, `class_id`) VALUES ('SATURDAY', '18:00:00', '19:30:00', 'CL023');
INSERT INTO `schedule_detail` (`day`, `start_time`, `end_time`, `class_id`) VALUES ('MONDAY', '18:00:00', '19:30:00', 'CL024');
INSERT INTO `schedule_detail` (`day`, `start_time`, `end_time`, `class_id`) VALUES ('TUESDAY', '18:00:00', '19:30:00', 'CL024');
INSERT INTO `schedule_detail` (`day`, `start_time`, `end_time`, `class_id`) VALUES ('TUESDAY', '18:00:00', '19:30:00', 'CL025');
INSERT INTO `schedule_detail` (`day`, `start_time`, `end_time`, `class_id`) VALUES ('WEDNESDAY', '18:00:00', '19:30:00', 'CL025');
INSERT INTO `schedule_detail` (`day`, `start_time`, `end_time`, `class_id`) VALUES ('FRIDAY', '18:00:00', '19:30:00', 'CL026');
INSERT INTO `schedule_detail` (`day`, `start_time`, `end_time`, `class_id`) VALUES ('WEDNESDAY', '18:00:00', '19:30:00', 'CL026');
INSERT INTO `schedule_detail` (`day`, `start_time`, `end_time`, `class_id`) VALUES ('SUNDAY', '18:00:00', '19:30:00', 'CL027');
INSERT INTO `schedule_detail` (`day`, `start_time`, `end_time`, `class_id`) VALUES ('MONDAY', '18:00:00', '19:30:00', 'CL027');
INSERT INTO `schedule_detail` (`day`, `start_time`, `end_time`, `class_id`) VALUES ('SUNDAY', '18:00:00', '19:30:00', 'CL028');
INSERT INTO `schedule_detail` (`day`, `start_time`, `end_time`, `class_id`) VALUES ('TUESDAY', '18:00:00', '19:30:00', 'CL028');
INSERT INTO `schedule_detail` (`day`, `start_time`, `end_time`, `class_id`) VALUES ('SATURDAY', '18:00:00', '19:30:00', 'CL029');
INSERT INTO `schedule_detail` (`day`, `start_time`, `end_time`, `class_id`) VALUES ('MONDAY', '18:00:00', '19:30:00', 'CL029');
INSERT INTO `schedule_detail` (`day`, `start_time`, `end_time`, `class_id`) VALUES ('SATURDAY', '18:00:00', '19:30:00', 'CL030');
INSERT INTO `schedule_detail` (`day`, `start_time`, `end_time`, `class_id`) VALUES ('TUESDAY', '18:00:00', '19:30:00', 'CL030');
INSERT INTO `schedule_detail` (`day`, `start_time`, `end_time`, `class_id`) VALUES ('MONDAY', '18:00:00', '19:30:00', 'CL031');
INSERT INTO `schedule_detail` (`day`, `start_time`, `end_time`, `class_id`) VALUES ('THURSDAY', '18:00:00', '19:30:00', 'CL031');
INSERT INTO `schedule_detail` (`day`, `start_time`, `end_time`, `class_id`) VALUES ('WEDNESDAY', '18:00:00', '19:30:00', 'CL032');
INSERT INTO `schedule_detail` (`day`, `start_time`, `end_time`, `class_id`) VALUES ('SATURDAY', '18:00:00', '19:30:00', 'CL032');
INSERT INTO `schedule_detail` (`day`, `start_time`, `end_time`, `class_id`) VALUES ('SATURDAY', '18:00:00', '19:30:00', 'CL033');
INSERT INTO `schedule_detail` (`day`, `start_time`, `end_time`, `class_id`) VALUES ('TUESDAY', '18:00:00', '19:30:00', 'CL033');
INSERT INTO `schedule_detail` (`day`, `start_time`, `end_time`, `class_id`) VALUES ('FRIDAY', '18:00:00', '19:30:00', 'CL034');
INSERT INTO `schedule_detail` (`day`, `start_time`, `end_time`, `class_id`) VALUES ('SATURDAY', '18:00:00', '19:30:00', 'CL034');
INSERT INTO `schedule_detail` (`day`, `start_time`, `end_time`, `class_id`) VALUES ('TUESDAY', '18:00:00', '19:30:00', 'CL035');
INSERT INTO `schedule_detail` (`day`, `start_time`, `end_time`, `class_id`) VALUES ('WEDNESDAY', '18:00:00', '19:30:00', 'CL035');
INSERT INTO `schedule_detail` (`day`, `start_time`, `end_time`, `class_id`) VALUES ('THURSDAY', '18:00:00', '19:30:00', 'CL036');
INSERT INTO `schedule_detail` (`day`, `start_time`, `end_time`, `class_id`) VALUES ('WEDNESDAY', '18:00:00', '19:30:00', 'CL036');
INSERT INTO `schedule_detail` (`day`, `start_time`, `end_time`, `class_id`) VALUES ('SATURDAY', '18:00:00', '19:30:00', 'CL037');
INSERT INTO `schedule_detail` (`day`, `start_time`, `end_time`, `class_id`) VALUES ('FRIDAY', '18:00:00', '19:30:00', 'CL037');
INSERT INTO `schedule_detail` (`day`, `start_time`, `end_time`, `class_id`) VALUES ('THURSDAY', '18:00:00', '19:30:00', 'CL038');
INSERT INTO `schedule_detail` (`day`, `start_time`, `end_time`, `class_id`) VALUES ('MONDAY', '18:00:00', '19:30:00', 'CL038');
INSERT INTO `schedule_detail` (`day`, `start_time`, `end_time`, `class_id`) VALUES ('THURSDAY', '18:00:00', '19:30:00', 'CL039');
INSERT INTO `schedule_detail` (`day`, `start_time`, `end_time`, `class_id`) VALUES ('WEDNESDAY', '18:00:00', '19:30:00', 'CL039');
INSERT INTO `schedule_detail` (`day`, `start_time`, `end_time`, `class_id`) VALUES ('THURSDAY', '18:00:00', '19:30:00', 'CL040');
INSERT INTO `schedule_detail` (`day`, `start_time`, `end_time`, `class_id`) VALUES ('MONDAY', '18:00:00', '19:30:00', 'CL040');
INSERT INTO `schedule_detail` (`day`, `start_time`, `end_time`, `class_id`) VALUES ('MONDAY', '18:00:00', '19:30:00', 'CL041');
INSERT INTO `schedule_detail` (`day`, `start_time`, `end_time`, `class_id`) VALUES ('WEDNESDAY', '18:00:00', '19:30:00', 'CL041');
INSERT INTO `schedule_detail` (`day`, `start_time`, `end_time`, `class_id`) VALUES ('THURSDAY', '18:00:00', '19:30:00', 'CL042');
INSERT INTO `schedule_detail` (`day`, `start_time`, `end_time`, `class_id`) VALUES ('SUNDAY', '18:00:00', '19:30:00', 'CL042');
INSERT INTO `schedule_detail` (`day`, `start_time`, `end_time`, `class_id`) VALUES ('SUNDAY', '18:00:00', '19:30:00', 'CL043');
INSERT INTO `schedule_detail` (`day`, `start_time`, `end_time`, `class_id`) VALUES ('SATURDAY', '18:00:00', '19:30:00', 'CL043');
INSERT INTO `schedule_detail` (`day`, `start_time`, `end_time`, `class_id`) VALUES ('THURSDAY', '18:00:00', '19:30:00', 'CL044');
INSERT INTO `schedule_detail` (`day`, `start_time`, `end_time`, `class_id`) VALUES ('FRIDAY', '18:00:00', '19:30:00', 'CL044');
INSERT INTO `schedule_detail` (`day`, `start_time`, `end_time`, `class_id`) VALUES ('SUNDAY', '18:00:00', '19:30:00', 'CL045');
INSERT INTO `schedule_detail` (`day`, `start_time`, `end_time`, `class_id`) VALUES ('FRIDAY', '18:00:00', '19:30:00', 'CL045');
INSERT INTO `schedule_detail` (`day`, `start_time`, `end_time`, `class_id`) VALUES ('FRIDAY', '18:00:00', '19:30:00', 'CL046');
INSERT INTO `schedule_detail` (`day`, `start_time`, `end_time`, `class_id`) VALUES ('SATURDAY', '18:00:00', '19:30:00', 'CL046');
INSERT INTO `schedule_detail` (`day`, `start_time`, `end_time`, `class_id`) VALUES ('MONDAY', '18:00:00', '19:30:00', 'CL047');
INSERT INTO `schedule_detail` (`day`, `start_time`, `end_time`, `class_id`) VALUES ('SATURDAY', '18:00:00', '19:30:00', 'CL047');
INSERT INTO `schedule_detail` (`day`, `start_time`, `end_time`, `class_id`) VALUES ('FRIDAY', '18:00:00', '19:30:00', 'CL048');
INSERT INTO `schedule_detail` (`day`, `start_time`, `end_time`, `class_id`) VALUES ('WEDNESDAY', '18:00:00', '19:30:00', 'CL048');
INSERT INTO `schedule_detail` (`day`, `start_time`, `end_time`, `class_id`) VALUES ('SUNDAY', '18:00:00', '19:30:00', 'CL049');
INSERT INTO `schedule_detail` (`day`, `start_time`, `end_time`, `class_id`) VALUES ('WEDNESDAY', '18:00:00', '19:30:00', 'CL049');
INSERT INTO `schedule_detail` (`day`, `start_time`, `end_time`, `class_id`) VALUES ('WEDNESDAY', '18:00:00', '19:30:00', 'CL050');
INSERT INTO `schedule_detail` (`day`, `start_time`, `end_time`, `class_id`) VALUES ('MONDAY', '18:00:00', '19:30:00', 'CL050');

-- 7. INSERT ENROLLMENTS
INSERT INTO `enrollment` (`register_date`, `status`, `student_id`, `class_id`) VALUES ('2025-07-28', 'APPROVED', '1030000002', 'CL014');
INSERT INTO `enrollment` (`register_date`, `status`, `student_id`, `class_id`) VALUES ('2025-01-20', 'REJECTED', '1030000002', 'CL020');
INSERT INTO `enrollment` (`register_date`, `status`, `student_id`, `class_id`) VALUES ('2025-03-30', 'PENDING', '1030000003', 'CL020');
INSERT INTO `enrollment` (`register_date`, `status`, `student_id`, `class_id`) VALUES ('2025-02-27', 'APPROVED', '1030000003', 'CL010');
INSERT INTO `enrollment` (`register_date`, `status`, `student_id`, `class_id`) VALUES ('2025-01-19', 'REJECTED', '1030000005', 'CL008');
INSERT INTO `enrollment` (`register_date`, `status`, `student_id`, `class_id`) VALUES ('2025-10-18', 'REJECTED', '1030000005', 'CL017');
INSERT INTO `enrollment` (`register_date`, `status`, `student_id`, `class_id`) VALUES ('2025-09-16', 'APPROVED', '1030000006', 'CL050');
INSERT INTO `enrollment` (`register_date`, `status`, `student_id`, `class_id`) VALUES ('2025-03-04', 'REJECTED', '1030000007', 'CL036');
INSERT INTO `enrollment` (`register_date`, `status`, `student_id`, `class_id`) VALUES ('2025-06-26', 'REJECTED', '1030000008', 'CL013');
INSERT INTO `enrollment` (`register_date`, `status`, `student_id`, `class_id`) VALUES ('2025-01-31', 'PENDING', '1030000008', 'CL008');
INSERT INTO `enrollment` (`register_date`, `status`, `student_id`, `class_id`) VALUES ('2025-06-21', 'PENDING', '1030000009', 'CL013');
INSERT INTO `enrollment` (`register_date`, `status`, `student_id`, `class_id`) VALUES ('2025-08-25', 'REJECTED', '1030000009', 'CL008');
INSERT INTO `enrollment` (`register_date`, `status`, `student_id`, `class_id`) VALUES ('2025-08-27', 'REJECTED', '1030000010', 'CL043');
INSERT INTO `enrollment` (`register_date`, `status`, `student_id`, `class_id`) VALUES ('2025-07-14', 'REJECTED', '1030000011', 'CL007');
INSERT INTO `enrollment` (`register_date`, `status`, `student_id`, `class_id`) VALUES ('2025-01-08', 'REJECTED', '1030000011', 'CL006');
INSERT INTO `enrollment` (`register_date`, `status`, `student_id`, `class_id`) VALUES ('2025-11-07', 'PENDING', '1030000012', 'CL026');
INSERT INTO `enrollment` (`register_date`, `status`, `student_id`, `class_id`) VALUES ('2025-11-18', 'REJECTED', '1030000012', 'CL048');
INSERT INTO `enrollment` (`register_date`, `status`, `student_id`, `class_id`) VALUES ('2025-05-17', 'APPROVED', '1030000014', 'CL023');
INSERT INTO `enrollment` (`register_date`, `status`, `student_id`, `class_id`) VALUES ('2025-05-30', 'REJECTED', '1030000015', 'CL028');
INSERT INTO `enrollment` (`register_date`, `status`, `student_id`, `class_id`) VALUES ('2025-02-12', 'PENDING', '1030000016', 'CL046');
INSERT INTO `enrollment` (`register_date`, `status`, `student_id`, `class_id`) VALUES ('2025-08-20', 'APPROVED', '1030000016', 'CL003');
INSERT INTO `enrollment` (`register_date`, `status`, `student_id`, `class_id`) VALUES ('2025-02-03', 'APPROVED', '1030000017', 'CL024');
INSERT INTO `enrollment` (`register_date`, `status`, `student_id`, `class_id`) VALUES ('2025-07-16', 'APPROVED', '1030000017', 'CL007');
INSERT INTO `enrollment` (`register_date`, `status`, `student_id`, `class_id`) VALUES ('2025-04-13', 'PENDING', '1030000018', 'CL030');
INSERT INTO `enrollment` (`register_date`, `status`, `student_id`, `class_id`) VALUES ('2025-07-18', 'REJECTED', '1030000018', 'CL044');
INSERT INTO `enrollment` (`register_date`, `status`, `student_id`, `class_id`) VALUES ('2025-03-01', 'APPROVED', '1030000019', 'CL031');
INSERT INTO `enrollment` (`register_date`, `status`, `student_id`, `class_id`) VALUES ('2025-08-27', 'APPROVED', '1030000019', 'CL002');
INSERT INTO `enrollment` (`register_date`, `status`, `student_id`, `class_id`) VALUES ('2025-10-02', 'APPROVED', '1030000020', 'CL029');
INSERT INTO `enrollment` (`register_date`, `status`, `student_id`, `class_id`) VALUES ('2024-12-29', 'APPROVED', '1030000021', 'CL007');
INSERT INTO `enrollment` (`register_date`, `status`, `student_id`, `class_id`) VALUES ('2025-06-23', 'PENDING', '1030000021', 'CL029');
INSERT INTO `enrollment` (`register_date`, `status`, `student_id`, `class_id`) VALUES ('2025-06-05', 'REJECTED', '1030000022', 'CL036');
INSERT INTO `enrollment` (`register_date`, `status`, `student_id`, `class_id`) VALUES ('2025-11-11', 'REJECTED', '1030000023', 'CL014');
INSERT INTO `enrollment` (`register_date`, `status`, `student_id`, `class_id`) VALUES ('2025-02-14', 'REJECTED', '1030000023', 'CL039');
INSERT INTO `enrollment` (`register_date`, `status`, `student_id`, `class_id`) VALUES ('2025-03-19', 'REJECTED', '1030000025', 'CL012');
INSERT INTO `enrollment` (`register_date`, `status`, `student_id`, `class_id`) VALUES ('2025-04-25', 'APPROVED', '1030000025', 'CL042');
INSERT INTO `enrollment` (`register_date`, `status`, `student_id`, `class_id`) VALUES ('2025-03-11', 'APPROVED', '1030000026', 'CL012');
INSERT INTO `enrollment` (`register_date`, `status`, `student_id`, `class_id`) VALUES ('2025-06-11', 'APPROVED', '1030000027', 'CL022');
INSERT INTO `enrollment` (`register_date`, `status`, `student_id`, `class_id`) VALUES ('2025-02-11', 'REJECTED', '1030000027', 'CL036');
INSERT INTO `enrollment` (`register_date`, `status`, `student_id`, `class_id`) VALUES ('2025-04-11', 'PENDING', '1030000028', 'CL038');
INSERT INTO `enrollment` (`register_date`, `status`, `student_id`, `class_id`) VALUES ('2025-10-18', 'REJECTED', '1030000029', 'CL005');
INSERT INTO `enrollment` (`register_date`, `status`, `student_id`, `class_id`) VALUES ('2025-05-01', 'REJECTED', '1030000030', 'CL046');
INSERT INTO `enrollment` (`register_date`, `status`, `student_id`, `class_id`) VALUES ('2025-03-27', 'PENDING', '1030000031', 'CL046');
INSERT INTO `enrollment` (`register_date`, `status`, `student_id`, `class_id`) VALUES ('2025-09-04', 'APPROVED', '1030000031', 'CL012');
INSERT INTO `enrollment` (`register_date`, `status`, `student_id`, `class_id`) VALUES ('2024-12-03', 'PENDING', '1030000032', 'CL047');
INSERT INTO `enrollment` (`register_date`, `status`, `student_id`, `class_id`) VALUES ('2024-12-11', 'APPROVED', '1030000032', 'CL031');
INSERT INTO `enrollment` (`register_date`, `status`, `student_id`, `class_id`) VALUES ('2025-02-07', 'APPROVED', '1030000033', 'CL028');
INSERT INTO `enrollment` (`register_date`, `status`, `student_id`, `class_id`) VALUES ('2025-02-09', 'REJECTED', '1030000033', 'CL018');
INSERT INTO `enrollment` (`register_date`, `status`, `student_id`, `class_id`) VALUES ('2025-07-17', 'REJECTED', '1030000035', 'CL001');
INSERT INTO `enrollment` (`register_date`, `status`, `student_id`, `class_id`) VALUES ('2025-10-13', 'PENDING', '1030000035', 'CL006');
INSERT INTO `enrollment` (`register_date`, `status`, `student_id`, `class_id`) VALUES ('2025-01-27', 'APPROVED', '1030000036', 'CL039');
INSERT INTO `enrollment` (`register_date`, `status`, `student_id`, `class_id`) VALUES ('2025-10-19', 'APPROVED', '1030000036', 'CL042');
INSERT INTO `enrollment` (`register_date`, `status`, `student_id`, `class_id`) VALUES ('2025-06-29', 'REJECTED', '1030000037', 'CL004');
INSERT INTO `enrollment` (`register_date`, `status`, `student_id`, `class_id`) VALUES ('2025-05-21', 'APPROVED', '1030000037', 'CL015');
INSERT INTO `enrollment` (`register_date`, `status`, `student_id`, `class_id`) VALUES ('2024-12-26', 'PENDING', '1030000038', 'CL045');
INSERT INTO `enrollment` (`register_date`, `status`, `student_id`, `class_id`) VALUES ('2025-03-02', 'PENDING', '1030000039', 'CL032');
INSERT INTO `enrollment` (`register_date`, `status`, `student_id`, `class_id`) VALUES ('2025-06-07', 'PENDING', '1030000040', 'CL006');
INSERT INTO `enrollment` (`register_date`, `status`, `student_id`, `class_id`) VALUES ('2025-03-16', 'REJECTED', '1030000040', 'CL037');
INSERT INTO `enrollment` (`register_date`, `status`, `student_id`, `class_id`) VALUES ('2025-08-19', 'REJECTED', '1030000041', 'CL031');
INSERT INTO `enrollment` (`register_date`, `status`, `student_id`, `class_id`) VALUES ('2025-06-01', 'PENDING', '1030000042', 'CL044');
INSERT INTO `enrollment` (`register_date`, `status`, `student_id`, `class_id`) VALUES ('2025-05-07', 'REJECTED', '1030000043', 'CL031');
INSERT INTO `enrollment` (`register_date`, `status`, `student_id`, `class_id`) VALUES ('2025-10-07', 'PENDING', '1030000043', 'CL028');
INSERT INTO `enrollment` (`register_date`, `status`, `student_id`, `class_id`) VALUES ('2025-03-27', 'APPROVED', '1030000044', 'CL019');
INSERT INTO `enrollment` (`register_date`, `status`, `student_id`, `class_id`) VALUES ('2025-10-20', 'APPROVED', '1030000044', 'CL005');
INSERT INTO `enrollment` (`register_date`, `status`, `student_id`, `class_id`) VALUES ('2025-08-13', 'PENDING', '1030000045', 'CL050');
INSERT INTO `enrollment` (`register_date`, `status`, `student_id`, `class_id`) VALUES ('2025-09-09', 'REJECTED', '1030000045', 'CL014');
INSERT INTO `enrollment` (`register_date`, `status`, `student_id`, `class_id`) VALUES ('2025-11-23', 'PENDING', '1030000046', 'CL024');
INSERT INTO `enrollment` (`register_date`, `status`, `student_id`, `class_id`) VALUES ('2025-08-23', 'APPROVED', '1030000046', 'CL014');
INSERT INTO `enrollment` (`register_date`, `status`, `student_id`, `class_id`) VALUES ('2025-10-30', 'REJECTED', '1030000047', 'CL042');
INSERT INTO `enrollment` (`register_date`, `status`, `student_id`, `class_id`) VALUES ('2025-08-22', 'APPROVED', '1030000047', 'CL021');
INSERT INTO `enrollment` (`register_date`, `status`, `student_id`, `class_id`) VALUES ('2025-04-23', 'REJECTED', '1030000049', 'CL021');
INSERT INTO `enrollment` (`register_date`, `status`, `student_id`, `class_id`) VALUES ('2024-12-16', 'PENDING', '1030000049', 'CL020');
INSERT INTO `enrollment` (`register_date`, `status`, `student_id`, `class_id`) VALUES ('2025-10-26', 'PENDING', '1030000051', 'CL047');
INSERT INTO `enrollment` (`register_date`, `status`, `student_id`, `class_id`) VALUES ('2025-11-15', 'PENDING', '1030000051', 'CL030');
INSERT INTO `enrollment` (`register_date`, `status`, `student_id`, `class_id`) VALUES ('2025-01-08', 'REJECTED', '1030000052', 'CL045');
INSERT INTO `enrollment` (`register_date`, `status`, `student_id`, `class_id`) VALUES ('2025-11-06', 'APPROVED', '1030000053', 'CL049');
INSERT INTO `enrollment` (`register_date`, `status`, `student_id`, `class_id`) VALUES ('2024-12-17', 'PENDING', '1030000053', 'CL043');
INSERT INTO `enrollment` (`register_date`, `status`, `student_id`, `class_id`) VALUES ('2025-04-03', 'APPROVED', '1030000054', 'CL006');
INSERT INTO `enrollment` (`register_date`, `status`, `student_id`, `class_id`) VALUES ('2025-01-26', 'APPROVED', '1030000056', 'CL018');
INSERT INTO `enrollment` (`register_date`, `status`, `student_id`, `class_id`) VALUES ('2025-09-17', 'PENDING', '1030000057', 'CL004');
INSERT INTO `enrollment` (`register_date`, `status`, `student_id`, `class_id`) VALUES ('2025-03-08', 'REJECTED', '1030000057', 'CL014');
INSERT INTO `enrollment` (`register_date`, `status`, `student_id`, `class_id`) VALUES ('2025-07-21', 'REJECTED', '1030000058', 'CL031');
INSERT INTO `enrollment` (`register_date`, `status`, `student_id`, `class_id`) VALUES ('2025-08-31', 'APPROVED', '1030000058', 'CL024');
INSERT INTO `enrollment` (`register_date`, `status`, `student_id`, `class_id`) VALUES ('2025-06-30', 'APPROVED', '1030000059', 'CL045');
INSERT INTO `enrollment` (`register_date`, `status`, `student_id`, `class_id`) VALUES ('2025-05-14', 'REJECTED', '1030000059', 'CL042');
INSERT INTO `enrollment` (`register_date`, `status`, `student_id`, `class_id`) VALUES ('2025-03-24', 'REJECTED', '1030000060', 'CL011');
INSERT INTO `enrollment` (`register_date`, `status`, `student_id`, `class_id`) VALUES ('2025-06-25', 'APPROVED', '1030000060', 'CL018');
INSERT INTO `enrollment` (`register_date`, `status`, `student_id`, `class_id`) VALUES ('2025-11-09', 'APPROVED', '1030000061', 'CL031');
INSERT INTO `enrollment` (`register_date`, `status`, `student_id`, `class_id`) VALUES ('2025-05-05', 'PENDING', '1030000062', 'CL041');
INSERT INTO `enrollment` (`register_date`, `status`, `student_id`, `class_id`) VALUES ('2025-10-22', 'APPROVED', '1030000062', 'CL013');
INSERT INTO `enrollment` (`register_date`, `status`, `student_id`, `class_id`) VALUES ('2025-11-15', 'REJECTED', '1030000063', 'CL048');
INSERT INTO `enrollment` (`register_date`, `status`, `student_id`, `class_id`) VALUES ('2025-05-31', 'REJECTED', '1030000064', 'CL018');
INSERT INTO `enrollment` (`register_date`, `status`, `student_id`, `class_id`) VALUES ('2025-04-19', 'PENDING', '1030000065', 'CL023');
INSERT INTO `enrollment` (`register_date`, `status`, `student_id`, `class_id`) VALUES ('2025-02-18', 'APPROVED', '1030000065', 'CL032');
INSERT INTO `enrollment` (`register_date`, `status`, `student_id`, `class_id`) VALUES ('2025-08-14', 'PENDING', '1030000066', 'CL035');
INSERT INTO `enrollment` (`register_date`, `status`, `student_id`, `class_id`) VALUES ('2024-12-29', 'APPROVED', '1030000067', 'CL038');
INSERT INTO `enrollment` (`register_date`, `status`, `student_id`, `class_id`) VALUES ('2025-09-03', 'REJECTED', '1030000067', 'CL039');
INSERT INTO `enrollment` (`register_date`, `status`, `student_id`, `class_id`) VALUES ('2024-12-26', 'APPROVED', '1030000068', 'CL019');
INSERT INTO `enrollment` (`register_date`, `status`, `student_id`, `class_id`) VALUES ('2025-09-27', 'PENDING', '1030000068', 'CL045');
INSERT INTO `enrollment` (`register_date`, `status`, `student_id`, `class_id`) VALUES ('2025-07-26', 'REJECTED', '1030000069', 'CL008');
INSERT INTO `enrollment` (`register_date`, `status`, `student_id`, `class_id`) VALUES ('2024-12-30', 'APPROVED', '1030000069', 'CL021');
INSERT INTO `enrollment` (`register_date`, `status`, `student_id`, `class_id`) VALUES ('2025-06-09', 'PENDING', '1030000070', 'CL024');
INSERT INTO `enrollment` (`register_date`, `status`, `student_id`, `class_id`) VALUES ('2024-12-01', 'PENDING', '1030000070', 'CL045');
INSERT INTO `enrollment` (`register_date`, `status`, `student_id`, `class_id`) VALUES ('2025-10-22', 'APPROVED', '1030000071', 'CL015');
INSERT INTO `enrollment` (`register_date`, `status`, `student_id`, `class_id`) VALUES ('2025-08-08', 'APPROVED', '1030000071', 'CL038');
INSERT INTO `enrollment` (`register_date`, `status`, `student_id`, `class_id`) VALUES ('2025-07-09', 'REJECTED', '1030000072', 'CL008');
INSERT INTO `enrollment` (`register_date`, `status`, `student_id`, `class_id`) VALUES ('2025-06-12', 'PENDING', '1030000072', 'CL018');
INSERT INTO `enrollment` (`register_date`, `status`, `student_id`, `class_id`) VALUES ('2025-04-02', 'APPROVED', '1030000073', 'CL041');
INSERT INTO `enrollment` (`register_date`, `status`, `student_id`, `class_id`) VALUES ('2025-09-05', 'PENDING', '1030000074', 'CL048');
INSERT INTO `enrollment` (`register_date`, `status`, `student_id`, `class_id`) VALUES ('2025-10-08', 'REJECTED', '1030000074', 'CL049');
INSERT INTO `enrollment` (`register_date`, `status`, `student_id`, `class_id`) VALUES ('2025-07-14', 'REJECTED', '1030000075', 'CL038');
INSERT INTO `enrollment` (`register_date`, `status`, `student_id`, `class_id`) VALUES ('2025-01-01', 'APPROVED', '1030000076', 'CL039');
INSERT INTO `enrollment` (`register_date`, `status`, `student_id`, `class_id`) VALUES ('2025-11-09', 'PENDING', '1030000077', 'CL007');
INSERT INTO `enrollment` (`register_date`, `status`, `student_id`, `class_id`) VALUES ('2025-07-01', 'PENDING', '1030000077', 'CL048');
INSERT INTO `enrollment` (`register_date`, `status`, `student_id`, `class_id`) VALUES ('2025-02-24', 'PENDING', '1030000078', 'CL043');
INSERT INTO `enrollment` (`register_date`, `status`, `student_id`, `class_id`) VALUES ('2024-12-02', 'REJECTED', '1030000078', 'CL009');
INSERT INTO `enrollment` (`register_date`, `status`, `student_id`, `class_id`) VALUES ('2024-12-11', 'PENDING', '1030000080', 'CL046');
INSERT INTO `enrollment` (`register_date`, `status`, `student_id`, `class_id`) VALUES ('2025-09-27', 'REJECTED', '1030000080', 'CL043');
INSERT INTO `enrollment` (`register_date`, `status`, `student_id`, `class_id`) VALUES ('2025-01-01', 'PENDING', '1030000081', 'CL021');
INSERT INTO `enrollment` (`register_date`, `status`, `student_id`, `class_id`) VALUES ('2025-10-10', 'APPROVED', '1030000081', 'CL025');
INSERT INTO `enrollment` (`register_date`, `status`, `student_id`, `class_id`) VALUES ('2025-11-22', 'PENDING', '1030000082', 'CL050');
INSERT INTO `enrollment` (`register_date`, `status`, `student_id`, `class_id`) VALUES ('2025-09-04', 'APPROVED', '1030000084', 'CL001');
INSERT INTO `enrollment` (`register_date`, `status`, `student_id`, `class_id`) VALUES ('2025-03-26', 'PENDING', '1030000085', 'CL013');
INSERT INTO `enrollment` (`register_date`, `status`, `student_id`, `class_id`) VALUES ('2024-12-30', 'REJECTED', '1030000085', 'CL001');
INSERT INTO `enrollment` (`register_date`, `status`, `student_id`, `class_id`) VALUES ('2025-10-07', 'APPROVED', '1030000086', 'CL004');
INSERT INTO `enrollment` (`register_date`, `status`, `student_id`, `class_id`) VALUES ('2025-07-11', 'PENDING', '1030000088', 'CL021');
INSERT INTO `enrollment` (`register_date`, `status`, `student_id`, `class_id`) VALUES ('2025-10-28', 'APPROVED', '1030000089', 'CL027');
INSERT INTO `enrollment` (`register_date`, `status`, `student_id`, `class_id`) VALUES ('2025-04-26', 'PENDING', '1030000089', 'CL011');
INSERT INTO `enrollment` (`register_date`, `status`, `student_id`, `class_id`) VALUES ('2025-08-27', 'APPROVED', '1030000090', 'CL010');
INSERT INTO `enrollment` (`register_date`, `status`, `student_id`, `class_id`) VALUES ('2025-01-13', 'REJECTED', '1030000090', 'CL028');
INSERT INTO `enrollment` (`register_date`, `status`, `student_id`, `class_id`) VALUES ('2025-09-20', 'PENDING', '1030000091', 'CL003');
INSERT INTO `enrollment` (`register_date`, `status`, `student_id`, `class_id`) VALUES ('2025-11-06', 'PENDING', '1030000092', 'CL036');
INSERT INTO `enrollment` (`register_date`, `status`, `student_id`, `class_id`) VALUES ('2025-07-06', 'PENDING', '1030000092', 'CL049');
INSERT INTO `enrollment` (`register_date`, `status`, `student_id`, `class_id`) VALUES ('2025-11-25', 'PENDING', '1030000093', 'CL039');
INSERT INTO `enrollment` (`register_date`, `status`, `student_id`, `class_id`) VALUES ('2025-11-20', 'REJECTED', '1030000093', 'CL025');
INSERT INTO `enrollment` (`register_date`, `status`, `student_id`, `class_id`) VALUES ('2025-11-18', 'PENDING', '1030000096', 'CL012');
INSERT INTO `enrollment` (`register_date`, `status`, `student_id`, `class_id`) VALUES ('2025-07-20', 'PENDING', '1030000098', 'CL007');
INSERT INTO `enrollment` (`register_date`, `status`, `student_id`, `class_id`) VALUES ('2025-06-19', 'PENDING', '1030000098', 'CL003');
INSERT INTO `enrollment` (`register_date`, `status`, `student_id`, `class_id`) VALUES ('2025-10-26', 'APPROVED', '1030000099', 'CL032');
INSERT INTO `enrollment` (`register_date`, `status`, `student_id`, `class_id`) VALUES ('2025-11-02', 'PENDING', '1030000099', 'CL033');
INSERT INTO `enrollment` (`register_date`, `status`, `student_id`, `class_id`) VALUES ('2025-02-09', 'PENDING', '1030000100', 'CL048');
INSERT INTO `enrollment` (`register_date`, `status`, `student_id`, `class_id`) VALUES ('2025-03-12', 'REJECTED', '1030000100', 'CL016');
INSERT INTO `enrollment` (`register_date`, `status`, `student_id`, `class_id`) VALUES ('2025-03-19', 'REJECTED', '1030000101', 'CL039');
INSERT INTO `enrollment` (`register_date`, `status`, `student_id`, `class_id`) VALUES ('2025-01-25', 'APPROVED', '1030000101', 'CL015');
INSERT INTO `enrollment` (`register_date`, `status`, `student_id`, `class_id`) VALUES ('2025-11-12', 'PENDING', '1030000102', 'CL035');
INSERT INTO `enrollment` (`register_date`, `status`, `student_id`, `class_id`) VALUES ('2025-02-04', 'REJECTED', '1030000102', 'CL024');
INSERT INTO `enrollment` (`register_date`, `status`, `student_id`, `class_id`) VALUES ('2025-07-12', 'PENDING', '1030000106', 'CL045');
INSERT INTO `enrollment` (`register_date`, `status`, `student_id`, `class_id`) VALUES ('2025-02-20', 'REJECTED', '1030000106', 'CL018');
INSERT INTO `enrollment` (`register_date`, `status`, `student_id`, `class_id`) VALUES ('2025-01-17', 'PENDING', '1030000108', 'CL016');
INSERT INTO `enrollment` (`register_date`, `status`, `student_id`, `class_id`) VALUES ('2025-01-14', 'APPROVED', '1030000109', 'CL016');
INSERT INTO `enrollment` (`register_date`, `status`, `student_id`, `class_id`) VALUES ('2025-10-31', 'REJECTED', '1030000109', 'CL048');
INSERT INTO `enrollment` (`register_date`, `status`, `student_id`, `class_id`) VALUES ('2025-02-21', 'REJECTED', '1030000112', 'CL045');
INSERT INTO `enrollment` (`register_date`, `status`, `student_id`, `class_id`) VALUES ('2025-03-05', 'APPROVED', '1030000113', 'CL031');
INSERT INTO `enrollment` (`register_date`, `status`, `student_id`, `class_id`) VALUES ('2025-06-05', 'PENDING', '1030000113', 'CL033');
INSERT INTO `enrollment` (`register_date`, `status`, `student_id`, `class_id`) VALUES ('2025-09-27', 'REJECTED', '1030000114', 'CL033');
INSERT INTO `enrollment` (`register_date`, `status`, `student_id`, `class_id`) VALUES ('2025-03-22', 'APPROVED', '1030000114', 'CL046');
INSERT INTO `enrollment` (`register_date`, `status`, `student_id`, `class_id`) VALUES ('2025-01-20', 'PENDING', '1030000115', 'CL009');
INSERT INTO `enrollment` (`register_date`, `status`, `student_id`, `class_id`) VALUES ('2025-09-06', 'REJECTED', '1030000116', 'CL023');
INSERT INTO `enrollment` (`register_date`, `status`, `student_id`, `class_id`) VALUES ('2025-07-22', 'APPROVED', '1030000117', 'CL043');
INSERT INTO `enrollment` (`register_date`, `status`, `student_id`, `class_id`) VALUES ('2025-03-10', 'PENDING', '1030000117', 'CL020');
INSERT INTO `enrollment` (`register_date`, `status`, `student_id`, `class_id`) VALUES ('2025-02-12', 'REJECTED', '1030000118', 'CL027');
INSERT INTO `enrollment` (`register_date`, `status`, `student_id`, `class_id`) VALUES ('2024-12-25', 'REJECTED', '1030000119', 'CL045');
INSERT INTO `enrollment` (`register_date`, `status`, `student_id`, `class_id`) VALUES ('2025-01-16', 'APPROVED', '1030000120', 'CL019');
INSERT INTO `enrollment` (`register_date`, `status`, `student_id`, `class_id`) VALUES ('2025-11-08', 'REJECTED', '1030000121', 'CL006');
INSERT INTO `enrollment` (`register_date`, `status`, `student_id`, `class_id`) VALUES ('2025-10-18', 'REJECTED', '1030000122', 'CL026');
INSERT INTO `enrollment` (`register_date`, `status`, `student_id`, `class_id`) VALUES ('2025-08-09', 'REJECTED', '1030000122', 'CL045');
INSERT INTO `enrollment` (`register_date`, `status`, `student_id`, `class_id`) VALUES ('2025-05-02', 'REJECTED', '1030000123', 'CL016');
INSERT INTO `enrollment` (`register_date`, `status`, `student_id`, `class_id`) VALUES ('2025-02-03', 'PENDING', '1030000125', 'CL024');
INSERT INTO `enrollment` (`register_date`, `status`, `student_id`, `class_id`) VALUES ('2025-02-10', 'APPROVED', '1030000125', 'CL049');
INSERT INTO `enrollment` (`register_date`, `status`, `student_id`, `class_id`) VALUES ('2025-10-29', 'APPROVED', '1030000126', 'CL045');
INSERT INTO `enrollment` (`register_date`, `status`, `student_id`, `class_id`) VALUES ('2025-07-11', 'PENDING', '1030000128', 'CL034');
INSERT INTO `enrollment` (`register_date`, `status`, `student_id`, `class_id`) VALUES ('2024-12-01', 'APPROVED', '1030000129', 'CL008');
INSERT INTO `enrollment` (`register_date`, `status`, `student_id`, `class_id`) VALUES ('2025-04-10', 'PENDING', '1030000130', 'CL010');
INSERT INTO `enrollment` (`register_date`, `status`, `student_id`, `class_id`) VALUES ('2025-06-21', 'PENDING', '1030000130', 'CL048');
INSERT INTO `enrollment` (`register_date`, `status`, `student_id`, `class_id`) VALUES ('2025-08-07', 'REJECTED', '1030000132', 'CL029');
INSERT INTO `enrollment` (`register_date`, `status`, `student_id`, `class_id`) VALUES ('2025-05-30', 'REJECTED', '1030000132', 'CL022');
INSERT INTO `enrollment` (`register_date`, `status`, `student_id`, `class_id`) VALUES ('2025-08-15', 'PENDING', '1030000133', 'CL021');
INSERT INTO `enrollment` (`register_date`, `status`, `student_id`, `class_id`) VALUES ('2025-01-13', 'REJECTED', '1030000134', 'CL035');
INSERT INTO `enrollment` (`register_date`, `status`, `student_id`, `class_id`) VALUES ('2025-09-14', 'REJECTED', '1030000134', 'CL025');
INSERT INTO `enrollment` (`register_date`, `status`, `student_id`, `class_id`) VALUES ('2025-10-07', 'REJECTED', '1030000135', 'CL011');
INSERT INTO `enrollment` (`register_date`, `status`, `student_id`, `class_id`) VALUES ('2025-09-08', 'PENDING', '1030000135', 'CL015');
INSERT INTO `enrollment` (`register_date`, `status`, `student_id`, `class_id`) VALUES ('2025-03-10', 'REJECTED', '1030000136', 'CL009');
INSERT INTO `enrollment` (`register_date`, `status`, `student_id`, `class_id`) VALUES ('2024-12-26', 'APPROVED', '1030000139', 'CL050');
INSERT INTO `enrollment` (`register_date`, `status`, `student_id`, `class_id`) VALUES ('2025-11-08', 'PENDING', '1030000141', 'CL042');
INSERT INTO `enrollment` (`register_date`, `status`, `student_id`, `class_id`) VALUES ('2025-08-31', 'APPROVED', '1030000142', 'CL017');
INSERT INTO `enrollment` (`register_date`, `status`, `student_id`, `class_id`) VALUES ('2025-08-23', 'REJECTED', '1030000143', 'CL042');
INSERT INTO `enrollment` (`register_date`, `status`, `student_id`, `class_id`) VALUES ('2025-07-22', 'PENDING', '1030000143', 'CL017');
INSERT INTO `enrollment` (`register_date`, `status`, `student_id`, `class_id`) VALUES ('2025-10-22', 'REJECTED', '1030000144', 'CL015');
INSERT INTO `enrollment` (`register_date`, `status`, `student_id`, `class_id`) VALUES ('2025-08-20', 'PENDING', '1030000145', 'CL018');
INSERT INTO `enrollment` (`register_date`, `status`, `student_id`, `class_id`) VALUES ('2025-10-27', 'REJECTED', '1030000145', 'CL026');
INSERT INTO `enrollment` (`register_date`, `status`, `student_id`, `class_id`) VALUES ('2025-03-13', 'PENDING', '1030000146', 'CL009');

-- 8. INSERT BILLS
INSERT INTO `bill` (`create_date`, `status`, `enrollment_id`, `cashier_id`) VALUES ('2025-09-30 04:00:07', 'PAID', 1, '1020000034');
INSERT INTO `bill` (`create_date`, `status`, `enrollment_id`, `cashier_id`) VALUES ('2025-07-17 08:18:52', 'PAID', 4, '1020000140');
INSERT INTO `bill` (`create_date`, `status`, `enrollment_id`, `cashier_id`) VALUES ('2025-09-08 16:37:07', 'PAID', 7, '1020000110');
INSERT INTO `bill` (`create_date`, `status`, `enrollment_id`, `cashier_id`) VALUES ('2025-02-20 07:56:50', 'PAID', 18, '1020000055');
INSERT INTO `bill` (`create_date`, `status`, `enrollment_id`, `cashier_id`) VALUES ('2024-11-28 05:59:22', 'PAID', 21, '1020000124');
INSERT INTO `bill` (`create_date`, `status`, `enrollment_id`, `cashier_id`) VALUES ('2025-11-08 23:01:18', 'PAID', 22, '1020000107');
INSERT INTO `bill` (`create_date`, `status`, `enrollment_id`, `cashier_id`) VALUES ('2025-01-21 08:54:51', 'PAID', 23, '1020000105');
INSERT INTO `bill` (`create_date`, `status`, `enrollment_id`, `cashier_id`) VALUES ('2025-10-12 15:28:05', 'PAID', 26, '1020000097');
INSERT INTO `bill` (`create_date`, `status`, `enrollment_id`, `cashier_id`) VALUES ('2025-02-15 02:39:36', 'PAID', 27, '1020000140');
INSERT INTO `bill` (`create_date`, `status`, `enrollment_id`, `cashier_id`) VALUES ('2025-09-10 04:28:09', 'PAID', 28, '1020000110');
INSERT INTO `bill` (`create_date`, `status`, `enrollment_id`, `cashier_id`) VALUES ('2025-07-08 22:34:33', 'PAID', 29, '1020000140');
INSERT INTO `bill` (`create_date`, `status`, `enrollment_id`, `cashier_id`) VALUES ('2025-08-15 23:41:18', 'UNPAID', 35, '1020000124');
INSERT INTO `bill` (`create_date`, `status`, `enrollment_id`, `cashier_id`) VALUES ('2024-11-27 23:30:12', 'PAID', 36, '1020000034');
INSERT INTO `bill` (`create_date`, `status`, `enrollment_id`, `cashier_id`) VALUES ('2025-05-08 01:55:57', 'UNPAID', 37, '1020000124');
INSERT INTO `bill` (`create_date`, `status`, `enrollment_id`, `cashier_id`) VALUES ('2025-01-15 01:14:04', 'PAID', 43, '1020000105');
INSERT INTO `bill` (`create_date`, `status`, `enrollment_id`, `cashier_id`) VALUES ('2025-01-22 03:57:58', 'PAID', 45, '1020000004');
INSERT INTO `bill` (`create_date`, `status`, `enrollment_id`, `cashier_id`) VALUES ('2025-06-03 00:16:01', 'PAID', 46, '1020000055');
INSERT INTO `bill` (`create_date`, `status`, `enrollment_id`, `cashier_id`) VALUES ('2025-06-23 19:42:31', 'PAID', 50, '1020000140');
INSERT INTO `bill` (`create_date`, `status`, `enrollment_id`, `cashier_id`) VALUES ('2024-12-12 14:47:47', 'UNPAID', 51, '1020000140');
INSERT INTO `bill` (`create_date`, `status`, `enrollment_id`, `cashier_id`) VALUES ('2025-06-10 03:20:23', 'PAID', 53, '1020000004');
INSERT INTO `bill` (`create_date`, `status`, `enrollment_id`, `cashier_id`) VALUES ('2025-03-30 10:58:52', 'PAID', 62, '1020000055');
INSERT INTO `bill` (`create_date`, `status`, `enrollment_id`, `cashier_id`) VALUES ('2025-02-20 02:29:22', 'PAID', 63, '1020000097');
INSERT INTO `bill` (`create_date`, `status`, `enrollment_id`, `cashier_id`) VALUES ('2025-08-13 19:07:40', 'PAID', 67, '1020000004');
INSERT INTO `bill` (`create_date`, `status`, `enrollment_id`, `cashier_id`) VALUES ('2025-02-02 09:38:28', 'UNPAID', 69, '1020000107');
INSERT INTO `bill` (`create_date`, `status`, `enrollment_id`, `cashier_id`) VALUES ('2025-05-23 00:06:35', 'PAID', 75, '1020000105');
INSERT INTO `bill` (`create_date`, `status`, `enrollment_id`, `cashier_id`) VALUES ('2025-03-29 15:01:41', 'UNPAID', 77, '1020000097');
INSERT INTO `bill` (`create_date`, `status`, `enrollment_id`, `cashier_id`) VALUES ('2025-08-11 14:30:01', 'UNPAID', 78, '1020000124');
INSERT INTO `bill` (`create_date`, `status`, `enrollment_id`, `cashier_id`) VALUES ('2025-11-03 21:35:07', 'UNPAID', 82, '1020000034');
INSERT INTO `bill` (`create_date`, `status`, `enrollment_id`, `cashier_id`) VALUES ('2025-05-17 13:16:46', 'PAID', 83, '1020000103');
INSERT INTO `bill` (`create_date`, `status`, `enrollment_id`, `cashier_id`) VALUES ('2025-02-24 13:15:05', 'PAID', 86, '1020000004');
INSERT INTO `bill` (`create_date`, `status`, `enrollment_id`, `cashier_id`) VALUES ('2025-08-05 18:38:54', 'UNPAID', 87, '1020000105');
INSERT INTO `bill` (`create_date`, `status`, `enrollment_id`, `cashier_id`) VALUES ('2025-08-01 04:28:25', 'UNPAID', 89, '1020000097');
INSERT INTO `bill` (`create_date`, `status`, `enrollment_id`, `cashier_id`) VALUES ('2025-09-07 17:24:31', 'PAID', 93, '1020000034');
INSERT INTO `bill` (`create_date`, `status`, `enrollment_id`, `cashier_id`) VALUES ('2025-03-13 14:25:12', 'PAID', 95, '1020000055');
INSERT INTO `bill` (`create_date`, `status`, `enrollment_id`, `cashier_id`) VALUES ('2025-08-15 22:07:15', 'PAID', 97, '1020000034');
INSERT INTO `bill` (`create_date`, `status`, `enrollment_id`, `cashier_id`) VALUES ('2025-08-28 10:21:27', 'PAID', 100, '1020000107');
INSERT INTO `bill` (`create_date`, `status`, `enrollment_id`, `cashier_id`) VALUES ('2025-02-07 23:17:05', 'UNPAID', 103, '1020000034');
INSERT INTO `bill` (`create_date`, `status`, `enrollment_id`, `cashier_id`) VALUES ('2025-01-04 15:41:18', 'PAID', 104, '1020000107');
INSERT INTO `bill` (`create_date`, `status`, `enrollment_id`, `cashier_id`) VALUES ('2025-04-11 12:25:43', 'PAID', 107, '1020000124');
INSERT INTO `bill` (`create_date`, `status`, `enrollment_id`, `cashier_id`) VALUES ('2025-06-05 00:31:06', 'UNPAID', 111, '1020000097');
INSERT INTO `bill` (`create_date`, `status`, `enrollment_id`, `cashier_id`) VALUES ('2025-03-12 08:44:13', 'UNPAID', 119, '1020000105');
INSERT INTO `bill` (`create_date`, `status`, `enrollment_id`, `cashier_id`) VALUES ('2025-04-12 14:45:21', 'PAID', 121, '1020000105');
INSERT INTO `bill` (`create_date`, `status`, `enrollment_id`, `cashier_id`) VALUES ('2025-06-23 20:35:50', 'UNPAID', 124, '1020000097');
INSERT INTO `bill` (`create_date`, `status`, `enrollment_id`, `cashier_id`) VALUES ('2025-07-13 06:30:07', 'PAID', 126, '1020000097');
INSERT INTO `bill` (`create_date`, `status`, `enrollment_id`, `cashier_id`) VALUES ('2025-03-16 11:13:34', 'PAID', 128, '1020000124');
INSERT INTO `bill` (`create_date`, `status`, `enrollment_id`, `cashier_id`) VALUES ('2025-02-19 06:46:09', 'PAID', 138, '1020000103');
INSERT INTO `bill` (`create_date`, `status`, `enrollment_id`, `cashier_id`) VALUES ('2025-03-17 15:19:35', 'PAID', 143, '1020000004');
INSERT INTO `bill` (`create_date`, `status`, `enrollment_id`, `cashier_id`) VALUES ('2025-06-29 04:31:03', 'UNPAID', 149, '1020000124');
INSERT INTO `bill` (`create_date`, `status`, `enrollment_id`, `cashier_id`) VALUES ('2025-04-28 02:05:46', 'PAID', 152, '1020000004');
INSERT INTO `bill` (`create_date`, `status`, `enrollment_id`, `cashier_id`) VALUES ('2024-12-22 02:20:10', 'PAID', 155, '1020000107');
INSERT INTO `bill` (`create_date`, `status`, `enrollment_id`, `cashier_id`) VALUES ('2025-02-02 17:02:21', 'UNPAID', 158, '1020000110');
INSERT INTO `bill` (`create_date`, `status`, `enrollment_id`, `cashier_id`) VALUES ('2025-04-21 12:35:22', 'PAID', 162, '1020000055');
INSERT INTO `bill` (`create_date`, `status`, `enrollment_id`, `cashier_id`) VALUES ('2025-01-09 20:41:51', 'UNPAID', 168, '1020000105');
INSERT INTO `bill` (`create_date`, `status`, `enrollment_id`, `cashier_id`) VALUES ('2025-07-13 19:13:04', 'PAID', 169, '1020000110');
INSERT INTO `bill` (`create_date`, `status`, `enrollment_id`, `cashier_id`) VALUES ('2025-11-14 11:40:19', 'PAID', 171, '1020000103');
INSERT INTO `bill` (`create_date`, `status`, `enrollment_id`, `cashier_id`) VALUES ('2025-08-06 18:20:57', 'PAID', 182, '1020000097');
INSERT INTO `bill` (`create_date`, `status`, `enrollment_id`, `cashier_id`) VALUES ('2025-01-02 15:26:06', 'PAID', 184, '1020000103');

-- 9. INSERT SCORES
INSERT INTO `score` (`score`, `enrollment_id`, `grade_id`) VALUES (5.5, 1, 1);
INSERT INTO `score` (`score`, `enrollment_id`, `grade_id`) VALUES (8.1, 1, 2);
INSERT INTO `score` (`score`, `enrollment_id`, `grade_id`) VALUES (5.2, 4, 9);
INSERT INTO `score` (`score`, `enrollment_id`, `grade_id`) VALUES (7.2, 4, 10);
INSERT INTO `score` (`score`, `enrollment_id`, `grade_id`) VALUES (6.6, 7, 5);
INSERT INTO `score` (`score`, `enrollment_id`, `grade_id`) VALUES (8.4, 7, 6);
INSERT INTO `score` (`score`, `enrollment_id`, `grade_id`) VALUES (6.3, 18, 9);
INSERT INTO `score` (`score`, `enrollment_id`, `grade_id`) VALUES (9.7, 18, 10);
INSERT INTO `score` (`score`, `enrollment_id`, `grade_id`) VALUES (8.0, 21, 23);
INSERT INTO `score` (`score`, `enrollment_id`, `grade_id`) VALUES (7.6, 21, 24);
INSERT INTO `score` (`score`, `enrollment_id`, `grade_id`) VALUES (5.7, 22, 11);
INSERT INTO `score` (`score`, `enrollment_id`, `grade_id`) VALUES (9.6, 22, 12);
INSERT INTO `score` (`score`, `enrollment_id`, `grade_id`) VALUES (8.7, 23, 39);
INSERT INTO `score` (`score`, `enrollment_id`, `grade_id`) VALUES (9.0, 23, 40);
INSERT INTO `score` (`score`, `enrollment_id`, `grade_id`) VALUES (6.3, 26, 27);
INSERT INTO `score` (`score`, `enrollment_id`, `grade_id`) VALUES (6.1, 26, 28);
INSERT INTO `score` (`score`, `enrollment_id`, `grade_id`) VALUES (9.6, 27, 7);
INSERT INTO `score` (`score`, `enrollment_id`, `grade_id`) VALUES (5.5, 27, 8);
INSERT INTO `score` (`score`, `enrollment_id`, `grade_id`) VALUES (9.0, 28, 5);
INSERT INTO `score` (`score`, `enrollment_id`, `grade_id`) VALUES (7.5, 28, 6);
INSERT INTO `score` (`score`, `enrollment_id`, `grade_id`) VALUES (6.2, 29, 39);
INSERT INTO `score` (`score`, `enrollment_id`, `grade_id`) VALUES (7.5, 29, 40);
INSERT INTO `score` (`score`, `enrollment_id`, `grade_id`) VALUES (6.5, 35, 29);
INSERT INTO `score` (`score`, `enrollment_id`, `grade_id`) VALUES (5.8, 35, 30);
INSERT INTO `score` (`score`, `enrollment_id`, `grade_id`) VALUES (8.6, 36, 9);
INSERT INTO `score` (`score`, `enrollment_id`, `grade_id`) VALUES (5.1, 36, 10);
INSERT INTO `score` (`score`, `enrollment_id`, `grade_id`) VALUES (9.8, 37, 27);
INSERT INTO `score` (`score`, `enrollment_id`, `grade_id`) VALUES (6.2, 37, 28);
INSERT INTO `score` (`score`, `enrollment_id`, `grade_id`) VALUES (6.9, 43, 9);
INSERT INTO `score` (`score`, `enrollment_id`, `grade_id`) VALUES (9.8, 43, 10);
INSERT INTO `score` (`score`, `enrollment_id`, `grade_id`) VALUES (9.4, 45, 27);
INSERT INTO `score` (`score`, `enrollment_id`, `grade_id`) VALUES (9.8, 45, 28);
INSERT INTO `score` (`score`, `enrollment_id`, `grade_id`) VALUES (7.6, 46, 39);
INSERT INTO `score` (`score`, `enrollment_id`, `grade_id`) VALUES (7.0, 46, 40);
INSERT INTO `score` (`score`, `enrollment_id`, `grade_id`) VALUES (7.8, 50, 11);
INSERT INTO `score` (`score`, `enrollment_id`, `grade_id`) VALUES (5.5, 50, 12);
INSERT INTO `score` (`score`, `enrollment_id`, `grade_id`) VALUES (7.8, 51, 29);
INSERT INTO `score` (`score`, `enrollment_id`, `grade_id`) VALUES (8.4, 51, 30);
INSERT INTO `score` (`score`, `enrollment_id`, `grade_id`) VALUES (8.2, 53, 1);
INSERT INTO `score` (`score`, `enrollment_id`, `grade_id`) VALUES (6.6, 53, 2);
INSERT INTO `score` (`score`, `enrollment_id`, `grade_id`) VALUES (9.0, 62, 3);
INSERT INTO `score` (`score`, `enrollment_id`, `grade_id`) VALUES (8.2, 62, 4);
INSERT INTO `score` (`score`, `enrollment_id`, `grade_id`) VALUES (5.7, 63, 5);
INSERT INTO `score` (`score`, `enrollment_id`, `grade_id`) VALUES (8.7, 63, 6);
INSERT INTO `score` (`score`, `enrollment_id`, `grade_id`) VALUES (9.0, 67, 1);
INSERT INTO `score` (`score`, `enrollment_id`, `grade_id`) VALUES (8.4, 67, 2);
INSERT INTO `score` (`score`, `enrollment_id`, `grade_id`) VALUES (6.4, 69, 7);
INSERT INTO `score` (`score`, `enrollment_id`, `grade_id`) VALUES (8.4, 69, 8);
INSERT INTO `score` (`score`, `enrollment_id`, `grade_id`) VALUES (6.4, 75, 39);
INSERT INTO `score` (`score`, `enrollment_id`, `grade_id`) VALUES (7.6, 75, 40);
INSERT INTO `score` (`score`, `enrollment_id`, `grade_id`) VALUES (5.0, 77, 9);
INSERT INTO `score` (`score`, `enrollment_id`, `grade_id`) VALUES (5.4, 77, 10);
INSERT INTO `score` (`score`, `enrollment_id`, `grade_id`) VALUES (8.3, 78, 23);
INSERT INTO `score` (`score`, `enrollment_id`, `grade_id`) VALUES (8.8, 78, 24);
INSERT INTO `score` (`score`, `enrollment_id`, `grade_id`) VALUES (8.5, 82, 11);
INSERT INTO `score` (`score`, `enrollment_id`, `grade_id`) VALUES (6.7, 82, 12);
INSERT INTO `score` (`score`, `enrollment_id`, `grade_id`) VALUES (8.3, 83, 19);
INSERT INTO `score` (`score`, `enrollment_id`, `grade_id`) VALUES (8.0, 83, 20);
INSERT INTO `score` (`score`, `enrollment_id`, `grade_id`) VALUES (6.9, 86, 23);
INSERT INTO `score` (`score`, `enrollment_id`, `grade_id`) VALUES (9.2, 86, 24);
INSERT INTO `score` (`score`, `enrollment_id`, `grade_id`) VALUES (6.9, 87, 27);
INSERT INTO `score` (`score`, `enrollment_id`, `grade_id`) VALUES (6.9, 87, 28);
INSERT INTO `score` (`score`, `enrollment_id`, `grade_id`) VALUES (5.0, 89, 19);
INSERT INTO `score` (`score`, `enrollment_id`, `grade_id`) VALUES (9.4, 89, 20);
INSERT INTO `score` (`score`, `enrollment_id`, `grade_id`) VALUES (8.3, 93, 3);
INSERT INTO `score` (`score`, `enrollment_id`, `grade_id`) VALUES (5.3, 93, 4);
INSERT INTO `score` (`score`, `enrollment_id`, `grade_id`) VALUES (8.2, 95, 23);
INSERT INTO `score` (`score`, `enrollment_id`, `grade_id`) VALUES (8.0, 95, 24);
INSERT INTO `score` (`score`, `enrollment_id`, `grade_id`) VALUES (6.8, 97, 3);
INSERT INTO `score` (`score`, `enrollment_id`, `grade_id`) VALUES (5.9, 97, 4);
INSERT INTO `score` (`score`, `enrollment_id`, `grade_id`) VALUES (8.4, 100, 7);
INSERT INTO `score` (`score`, `enrollment_id`, `grade_id`) VALUES (6.2, 100, 8);
INSERT INTO `score` (`score`, `enrollment_id`, `grade_id`) VALUES (7.4, 103, 1);
INSERT INTO `score` (`score`, `enrollment_id`, `grade_id`) VALUES (8.4, 103, 2);
INSERT INTO `score` (`score`, `enrollment_id`, `grade_id`) VALUES (6.2, 104, 23);
INSERT INTO `score` (`score`, `enrollment_id`, `grade_id`) VALUES (8.2, 104, 24);
INSERT INTO `score` (`score`, `enrollment_id`, `grade_id`) VALUES (9.1, 107, 37);
INSERT INTO `score` (`score`, `enrollment_id`, `grade_id`) VALUES (8.9, 107, 38);
INSERT INTO `score` (`score`, `enrollment_id`, `grade_id`) VALUES (5.9, 111, 11);
INSERT INTO `score` (`score`, `enrollment_id`, `grade_id`) VALUES (6.5, 111, 12);
INSERT INTO `score` (`score`, `enrollment_id`, `grade_id`) VALUES (9.7, 119, 17);
INSERT INTO `score` (`score`, `enrollment_id`, `grade_id`) VALUES (9.6, 119, 18);
INSERT INTO `score` (`score`, `enrollment_id`, `grade_id`) VALUES (7.6, 121, 37);
INSERT INTO `score` (`score`, `enrollment_id`, `grade_id`) VALUES (5.2, 121, 38);
INSERT INTO `score` (`score`, `enrollment_id`, `grade_id`) VALUES (5.9, 124, 15);
INSERT INTO `score` (`score`, `enrollment_id`, `grade_id`) VALUES (6.3, 124, 16);
INSERT INTO `score` (`score`, `enrollment_id`, `grade_id`) VALUES (5.9, 126, 27);
INSERT INTO `score` (`score`, `enrollment_id`, `grade_id`) VALUES (6.1, 126, 28);
INSERT INTO `score` (`score`, `enrollment_id`, `grade_id`) VALUES (5.7, 128, 9);
INSERT INTO `score` (`score`, `enrollment_id`, `grade_id`) VALUES (5.4, 128, 10);
INSERT INTO `score` (`score`, `enrollment_id`, `grade_id`) VALUES (9.2, 138, 3);
INSERT INTO `score` (`score`, `enrollment_id`, `grade_id`) VALUES (9.6, 138, 4);
INSERT INTO `score` (`score`, `enrollment_id`, `grade_id`) VALUES (6.3, 143, 1);
INSERT INTO `score` (`score`, `enrollment_id`, `grade_id`) VALUES (5.8, 143, 2);
INSERT INTO `score` (`score`, `enrollment_id`, `grade_id`) VALUES (6.9, 149, 27);
INSERT INTO `score` (`score`, `enrollment_id`, `grade_id`) VALUES (7.7, 149, 28);
INSERT INTO `score` (`score`, `enrollment_id`, `grade_id`) VALUES (5.1, 152, 27);
INSERT INTO `score` (`score`, `enrollment_id`, `grade_id`) VALUES (7.2, 152, 28);
INSERT INTO `score` (`score`, `enrollment_id`, `grade_id`) VALUES (8.9, 155, 23);
INSERT INTO `score` (`score`, `enrollment_id`, `grade_id`) VALUES (6.2, 155, 24);
INSERT INTO `score` (`score`, `enrollment_id`, `grade_id`) VALUES (9.1, 158, 37);
INSERT INTO `score` (`score`, `enrollment_id`, `grade_id`) VALUES (7.0, 158, 38);
INSERT INTO `score` (`score`, `enrollment_id`, `grade_id`) VALUES (7.7, 162, 3);
INSERT INTO `score` (`score`, `enrollment_id`, `grade_id`) VALUES (9.9, 162, 4);
INSERT INTO `score` (`score`, `enrollment_id`, `grade_id`) VALUES (7.0, 168, 39);
INSERT INTO `score` (`score`, `enrollment_id`, `grade_id`) VALUES (6.1, 168, 40);
INSERT INTO `score` (`score`, `enrollment_id`, `grade_id`) VALUES (8.5, 169, 19);
INSERT INTO `score` (`score`, `enrollment_id`, `grade_id`) VALUES (10.0, 169, 20);
INSERT INTO `score` (`score`, `enrollment_id`, `grade_id`) VALUES (8.0, 171, 29);
INSERT INTO `score` (`score`, `enrollment_id`, `grade_id`) VALUES (9.4, 171, 30);
INSERT INTO `score` (`score`, `enrollment_id`, `grade_id`) VALUES (5.2, 182, 5);
INSERT INTO `score` (`score`, `enrollment_id`, `grade_id`) VALUES (9.1, 182, 6);
INSERT INTO `score` (`score`, `enrollment_id`, `grade_id`) VALUES (8.7, 184, 21);
INSERT INTO `score` (`score`, `enrollment_id`, `grade_id`) VALUES (8.0, 184, 22);
